,looks_good,checked,include,force_rerun,sanity_plots,act_iM,inh_iM,basal_conditions,grid_use,basal_bool,basal_or_hard_val,hard_val,use_zerod_A_matrix,initial_guess_ratio,use_target_range,target_range,base_cInhibitor_val,base_cActivator_val,auto_set_max_range,additional_tolerance,cActivator,cInhibitor,run_greedy,neg_grid_toss_OR_zero,seed,n_ind,mu,lambda_,cxpb,cx_prob,mutpb,mt_prob,n_gen,verbose,n_iter,max_steps,n_rounds
b2253,1,TRUE,TRUE,FALSE,TRUE,BasR,,['p1k_00856'],7,FALSE,basal,10,TRUE,0.1,FALSE,"[-1, 3]",0.2,0.2,TRUE,0.2,"[-4, 2]","[-4, 2]",TRUE,toss,42,100,100,100,0.6,0.6,0.4,0.1,100,FALSE,5,30,100
b1309,-1,TRUE,FALSE,FALSE,TRUE,YcjW,,['p1k_00366'],7,FALSE,basal,10,TRUE,0.05,FALSE,"[-1, 3]",0.2,0.2,TRUE,0.2,"[-4, 2]","[-4, 2]",TRUE,toss,42,100,100,100,0.6,0.6,0.4,0.1,100,FALSE,5,30,100
b2255,1,TRUE,TRUE,FALSE,TRUE,BasR,,['p1k_00856'],8,FALSE,basal,10,TRUE,0.1,FALSE,"[-1, 3]",0.2,0.2,TRUE,0.2,"[-4, 2]","[-4, 2]",TRUE,toss,42,100,100,100,0.6,0.6,0.4,0.1,100,FALSE,5,30,100
b2256,1,TRUE,TRUE,FALSE,TRUE,BasR,,['p1k_00856'],7,FALSE,basal,10,TRUE,0.3,FALSE,"[-1, 3]",0.2,0.2,TRUE,0.2,"[-4, 2]","[-4, 2]",TRUE,toss,42,100,100,100,0.6,0.6,0.4,0.1,100,FALSE,5,30,100
b2257,1,TRUE,TRUE,FALSE,TRUE,BasR,,['p1k_00856'],7,FALSE,basal,10,TRUE,0.3,FALSE,"[-1, 3]",0.2,0.2,TRUE,0.2,"[-4, 2]","[-4, 2]",TRUE,toss,42,100,100,100,0.6,0.6,0.4,0.1,100,FALSE,5,30,100
b4114,1,TRUE,TRUE,FALSE,TRUE,BasR,,['p1k_00856'],7,FALSE,basal,10,TRUE,0.3,FALSE,"[-1, 3]",0.2,0.2,TRUE,0.2,"[-4, 2]","[-4, 2]",TRUE,toss,42,100,100,100,0.6,0.6,0.4,0.1,100,FALSE,5,30,100
b4544,1,TRUE,TRUE,FALSE,TRUE,BasR,,['p1k_00856'],7,FALSE,basal,10,TRUE,0.1,FALSE,"[-1, 3]",0.2,0.2,TRUE,0.2,"[-4, 2]","[-4, 2]",TRUE,toss,42,100,100,100,0.6,0.6,0.4,0.1,100,FALSE,5,30,100
b0774,1,TRUE,TRUE,FALSE,TRUE,Biotin,,['p1k_00456'],7,FALSE,basal,10,TRUE,0.3,FALSE,"[-1, 3]",0.2,0.2,TRUE,0.2,"[-4, 2]","[-4, 2]",TRUE,toss,42,100,100,100,0.6,0.6,0.4,0.1,100,FALSE,5,30,100
b0775,1,TRUE,TRUE,FALSE,TRUE,Biotin,,['p1k_00456'],7,FALSE,basal,10,TRUE,0.1,FALSE,"[-1, 3]",0.2,0.2,TRUE,0.2,"[-4, 2]","[-4, 2]",TRUE,toss,42,100,100,100,0.6,0.6,0.4,0.1,100,FALSE,5,30,100
b0776,-1,TRUE,FALSE,FALSE,TRUE,Biotin,,['p1k_00456'],7,FALSE,basal,10,TRUE,0.1,FALSE,"[-1, 3]",0.2,0.2,TRUE,0.2,"[-4, 2]","[-4, 2]",TRUE,toss,42,100,100,100,0.6,0.6,0.4,0.1,100,FALSE,5,30,100
b0777,1,TRUE,TRUE,FALSE,TRUE,Biotin,,['p1k_00456'],7,FALSE,basal,10,TRUE,0.1,FALSE,"[-1, 3]",0.2,0.2,TRUE,0.2,"[-4, 2]","[-4, 2]",TRUE,toss,42,100,100,100,0.6,0.6,0.4,0.1,100,FALSE,5,30,100
b0778,1,TRUE,TRUE,FALSE,TRUE,Biotin,,['p1k_00456'],7,FALSE,basal,10,TRUE,0.1,FALSE,"[-1, 3]",0.2,0.2,TRUE,0.2,"[-4, 2]","[-4, 2]",TRUE,toss,42,100,100,100,0.6,0.6,0.4,0.1,100,FALSE,5,30,100
b2058,1,TRUE,TRUE,FALSE,TRUE,Capsule,,['p1k_00540'],7,FALSE,basal,10,TRUE,0.1,FALSE,"[-1, 3]",0.2,0.2,TRUE,0.2,"[-4, 2]","[-4, 2]",TRUE,toss,42,100,100,100,0.6,0.6,0.4,0.1,100,FALSE,5,30,100
b2059,-1,TRUE,FALSE,FALSE,TRUE,Capsule,,['p1k_00540'],7,FALSE,basal,10,TRUE,0.1,FALSE,"[-1, 3]",0.2,0.2,TRUE,0.2,"[-4, 2]","[-4, 2]",TRUE,toss,42,100,100,100,0.6,0.6,0.4,0.1,100,FALSE,5,30,100
b2060,1,TRUE,TRUE,FALSE,TRUE,Capsule,,['p1k_00540'],8,FALSE,basal,10,TRUE,0.1,FALSE,"[-1, 3]",0.2,0.2,TRUE,0.2,"[-4, 2]","[-4, 2]",TRUE,toss,42,100,100,100,0.6,0.6,0.4,0.1,100,FALSE,5,30,100
b2061,1,TRUE,TRUE,FALSE,TRUE,Capsule,,['p1k_00540'],7,FALSE,basal,10,TRUE,0.1,FALSE,"[-1, 3]",0.2,0.2,TRUE,0.2,"[-4, 2]","[-4, 2]",TRUE,toss,42,100,100,100,0.6,0.6,0.4,0.1,100,FALSE,5,30,100
b1002,1,FALSE,TRUE,TRUE,TRUE,Crp-1,,['p1k_00367'],8,FALSE,basal,10,TRUE,0.05,FALSE,"[-1, 3]",0.2,0.2,TRUE,0.2,"[-4, 2]","[-4, 2]",TRUE,toss,42,100,100,100,0.6,0.6,0.4,0.1,100,FALSE,5,30,100
b4028,1,TRUE,TRUE,FALSE,TRUE,Capsule,,['p1k_00540'],7,FALSE,basal,10,TRUE,0.1,FALSE,"[-1, 3]",0.2,0.2,TRUE,0.2,"[-4, 2]","[-4, 2]",TRUE,toss,42,100,100,100,0.6,0.6,0.4,0.1,100,FALSE,5,30,100
b4029,1,TRUE,TRUE,FALSE,TRUE,Capsule,,['p1k_00540'],7,FALSE,basal,10,TRUE,0.3,FALSE,"[-1, 3]",0.2,0.2,TRUE,0.2,"[-4, 2]","[-4, 2]",TRUE,toss,42,100,100,100,0.6,0.6,0.4,0.1,100,FALSE,5,30,100
b1113,1,TRUE,TRUE,FALSE,TRUE,CpxR,,['p1k_00367'],7,FALSE,basal,10,TRUE,0.3,FALSE,"[-1, 3]",0.2,0.2,TRUE,0.2,"[-4, 2]","[-4, 2]",TRUE,toss,42,100,100,100,0.6,0.6,0.4,0.1,100,FALSE,5,30,100
b3095,1,TRUE,TRUE,FALSE,TRUE,CpxR,,['p1k_00367'],7,FALSE,basal,10,TRUE,0.3,FALSE,"[-1, 3]",0.2,0.2,TRUE,0.2,"[-4, 2]","[-4, 2]",TRUE,toss,42,100,100,100,0.6,0.6,0.4,0.1,100,FALSE,5,30,100
b3096,1,TRUE,TRUE,FALSE,TRUE,CpxR,,['p1k_00367'],7,FALSE,basal,10,TRUE,0.3,FALSE,"[-1, 3]",0.2,0.2,TRUE,0.2,"[-4, 2]","[-4, 2]",TRUE,toss,42,100,100,100,0.6,0.6,0.4,0.1,100,FALSE,5,30,100
b3363,1,TRUE,TRUE,FALSE,TRUE,CpxR,,['p1k_00367'],7,FALSE,basal,10,TRUE,0.3,FALSE,"[-1, 3]",0.2,0.2,TRUE,0.2,"[-4, 2]","[-4, 2]",TRUE,toss,42,100,100,100,0.6,0.6,0.4,0.1,100,FALSE,5,30,100
b3461,1,TRUE,TRUE,FALSE,TRUE,CpxR,,['p1k_00367'],7,FALSE,basal,10,TRUE,0.3,FALSE,"[-1, 3]",0.2,0.2,TRUE,0.2,"[-4, 2]","[-4, 2]",TRUE,toss,42,100,100,100,0.6,0.6,0.4,0.1,100,FALSE,5,30,100
b3859,1,TRUE,TRUE,FALSE,TRUE,CpxR,,['p1k_00367'],7,FALSE,basal,10,TRUE,0.3,FALSE,"[-1, 3]",0.2,0.2,TRUE,0.2,"[-4, 2]","[-4, 2]",TRUE,toss,42,100,100,100,0.6,0.6,0.4,0.1,100,FALSE,5,30,100
b3860,1,TRUE,TRUE,FALSE,TRUE,CpxR,,['p1k_00367'],7,FALSE,basal,10,TRUE,0.3,FALSE,"[-1, 3]",0.2,0.2,TRUE,0.2,"[-4, 2]","[-4, 2]",TRUE,toss,42,100,100,100,0.6,0.6,0.4,0.1,100,FALSE,5,30,100
b4392,1,TRUE,TRUE,FALSE,TRUE,CpxR,,['p1k_00367'],7,FALSE,basal,10,TRUE,0.3,FALSE,"[-1, 3]",0.2,0.2,TRUE,0.2,"[-4, 2]","[-4, 2]",TRUE,toss,42,100,100,100,0.6,0.6,0.4,0.1,100,FALSE,5,30,100
b2167,1,TRUE,TRUE,FALSE,TRUE,Cra,,['p1k_00367'],7,FALSE,basal,10,TRUE,0.3,FALSE,"[-1, 3]",0.2,0.2,TRUE,0.2,"[-4, 2]","[-4, 2]",TRUE,toss,42,100,100,100,0.6,0.6,0.4,0.1,100,FALSE,5,30,100
b2168,1,TRUE,TRUE,FALSE,TRUE,Cra,,['p1k_00367'],7,FALSE,basal,10,TRUE,0.3,FALSE,"[-1, 3]",0.2,0.2,TRUE,0.2,"[-4, 2]","[-4, 2]",TRUE,toss,42,100,100,100,0.6,0.6,0.4,0.1,100,FALSE,5,30,100
b2169,1,TRUE,TRUE,FALSE,TRUE,Cra,,['p1k_00367'],7,FALSE,basal,10,TRUE,0.3,FALSE,"[-1, 3]",0.2,0.2,TRUE,0.2,"[-4, 2]","[-4, 2]",TRUE,toss,42,100,100,100,0.6,0.6,0.4,0.1,100,FALSE,5,30,100
b2925,1,TRUE,TRUE,FALSE,TRUE,Cra,,['p1k_00367'],7,FALSE,basal,10,TRUE,0.3,FALSE,"[-1, 3]",0.2,0.2,TRUE,0.2,"[-4, 2]","[-4, 2]",TRUE,toss,42,100,100,100,0.6,0.6,0.4,0.1,100,FALSE,5,30,100
b2926,1,TRUE,TRUE,FALSE,TRUE,Cra,,['p1k_00367'],7,FALSE,basal,10,TRUE,0.3,FALSE,"[-1, 3]",0.2,0.2,TRUE,0.2,"[-4, 2]","[-4, 2]",TRUE,toss,42,100,100,100,0.6,0.6,0.4,0.1,100,FALSE,5,30,100
b2927,1,TRUE,TRUE,FALSE,TRUE,Cra,,['p1k_00367'],7,FALSE,basal,10,TRUE,0.3,FALSE,"[-1, 3]",0.2,0.2,TRUE,0.2,"[-4, 2]","[-4, 2]",TRUE,toss,42,100,100,100,0.6,0.6,0.4,0.1,100,FALSE,5,30,100
b3916,1,TRUE,TRUE,FALSE,TRUE,Cra,,['p1k_00367'],7,FALSE,basal,10,TRUE,0.3,FALSE,"[-1, 3]",0.2,0.2,TRUE,0.2,"[-4, 2]","[-4, 2]",TRUE,toss,42,100,100,100,0.6,0.6,0.4,0.1,100,FALSE,5,30,100
b2787,-1,TRUE,FALSE,FALSE,TRUE,Sugar Diacid,,['p1k_00368'],7,FALSE,basal,10,TRUE,0.05,FALSE,"[-1, 3]",0.2,0.2,TRUE,0.2,"[-4, 2]","[-4, 2]",TRUE,toss,42,100,100,100,0.6,0.6,0.4,0.1,100,FALSE,5,30,100
b1620,1,TRUE,TRUE,FALSE,TRUE,Crp-1,,['p1k_00367'],7,FALSE,basal,10,TRUE,0.3,FALSE,"[-1, 3]",0.2,0.2,TRUE,0.2,"[-4, 2]","[-4, 2]",TRUE,toss,42,100,100,100,0.6,0.6,0.4,0.1,100,FALSE,5,30,100
b4118,1,TRUE,TRUE,FALSE,TRUE,Crp-1,,['p1k_00367'],7,FALSE,basal,10,TRUE,0.3,FALSE,"[-1, 3]",0.2,0.2,TRUE,0.2,"[-4, 2]","[-4, 2]",TRUE,toss,42,100,100,100,0.6,0.6,0.4,0.1,100,FALSE,5,30,100
b4357,1,TRUE,TRUE,FALSE,TRUE,Crp-1,,['p1k_00367'],7,FALSE,basal,10,TRUE,0.3,FALSE,"[-1, 3]",0.2,0.2,TRUE,0.2,"[-4, 2]","[-4, 2]",TRUE,toss,42,100,100,100,0.6,0.6,0.4,0.1,100,FALSE,5,30,100
b1101,1,TRUE,TRUE,FALSE,TRUE,Crp-2,DhaR,['p1k_00071'],7,FALSE,basal,10,TRUE,0.3,FALSE,"[-1, 3]",0.2,0.2,TRUE,0.2,"[-4, 2]","[-4, 2]",TRUE,toss,42,100,100,100,0.6,0.6,0.4,0.1,100,FALSE,5,30,100
b1817,1,TRUE,TRUE,FALSE,TRUE,Crp-2,DhaR,['p1k_00071'],7,FALSE,basal,10,TRUE,0.3,FALSE,"[-1, 3]",0.2,0.2,TRUE,0.2,"[-4, 2]","[-4, 2]",TRUE,toss,42,100,100,100,0.6,0.6,0.4,0.1,100,FALSE,5,30,100
b1818,1,TRUE,TRUE,FALSE,TRUE,Crp-2,DhaR,['p1k_00071'],7,FALSE,basal,10,TRUE,0.3,FALSE,"[-1, 3]",0.2,0.2,TRUE,0.2,"[-4, 2]","[-4, 2]",TRUE,toss,42,100,100,100,0.6,0.6,0.4,0.1,100,FALSE,5,30,100
b1819,1,TRUE,TRUE,FALSE,TRUE,Crp-2,DhaR,['p1k_00071'],7,FALSE,basal,10,TRUE,0.3,FALSE,"[-1, 3]",0.2,0.2,TRUE,0.2,"[-4, 2]","[-4, 2]",TRUE,toss,42,100,100,100,0.6,0.6,0.4,0.1,100,FALSE,5,30,100
b2091,-1,TRUE,FALSE,FALSE,TRUE,Crp-2,,['p1k_00844'],7,FALSE,basal,10,TRUE,0.1,FALSE,"[-1, 3]",0.2,0.2,TRUE,0.2,"[-4, 2]","[-4, 2]",TRUE,toss,42,100,100,100,0.6,0.6,0.4,0.1,100,FALSE,5,30,100
b2092,-1,TRUE,FALSE,FALSE,TRUE,Crp-2,,['p1k_00844'],7,FALSE,basal,10,TRUE,0.1,FALSE,"[-1, 3]",0.2,0.2,TRUE,0.2,"[-4, 2]","[-4, 2]",TRUE,toss,42,100,100,100,0.6,0.6,0.4,0.1,100,FALSE,5,30,100
b2093,-1,TRUE,FALSE,FALSE,TRUE,Crp-2,,['p1k_00844'],7,FALSE,basal,10,TRUE,0.1,FALSE,"[-1, 3]",0.2,0.2,TRUE,0.2,"[-4, 2]","[-4, 2]",TRUE,toss,42,100,100,100,0.6,0.6,0.4,0.1,100,FALSE,5,30,100
b2094,-1,TRUE,FALSE,FALSE,TRUE,Crp-2,,['p1k_00844'],7,FALSE,basal,10,TRUE,0.1,FALSE,"[-1, 3]",0.2,0.2,TRUE,0.2,"[-4, 2]","[-4, 2]",TRUE,toss,42,100,100,100,0.6,0.6,0.4,0.1,100,FALSE,5,30,100
b2095,-1,TRUE,FALSE,FALSE,TRUE,Crp-2,,['p1k_00844'],7,FALSE,basal,10,TRUE,0.1,FALSE,"[-1, 3]",0.2,0.2,TRUE,0.2,"[-4, 2]","[-4, 2]",TRUE,toss,42,100,100,100,0.6,0.6,0.4,0.1,100,FALSE,5,30,100
b2096,-1,TRUE,FALSE,FALSE,TRUE,Crp-2,,['p1k_00844'],7,FALSE,basal,10,TRUE,0.1,FALSE,"[-1, 3]",0.2,0.2,TRUE,0.2,"[-4, 2]","[-4, 2]",TRUE,toss,42,100,100,100,0.6,0.6,0.4,0.1,100,FALSE,5,30,100
b2421,1,TRUE,TRUE,FALSE,TRUE,Cysteine-2,Cysteine-1,['p1k_00080'],7,FALSE,basal,10,TRUE,0.3,FALSE,"[-1, 3]",0.2,0.2,TRUE,0.2,"[-4, 2]","[-4, 2]",TRUE,toss,42,100,100,100,0.6,0.6,0.4,0.1,100,FALSE,5,30,100
b2422,1,TRUE,TRUE,FALSE,TRUE,Cysteine-2,Cysteine-1,['p1k_00080'],7,FALSE,basal,10,TRUE,0.3,FALSE,"[-1, 3]",0.2,0.2,TRUE,0.2,"[-4, 2]","[-4, 2]",TRUE,toss,42,100,100,100,0.6,0.6,0.4,0.1,100,FALSE,5,30,100
b2762,1,TRUE,TRUE,FALSE,TRUE,Cysteine-2,Cysteine-1,['p1k_00080'],7,FALSE,basal,10,TRUE,0.3,FALSE,"[-1, 3]",0.2,0.2,TRUE,0.2,"[-4, 2]","[-4, 2]",TRUE,toss,42,100,100,100,0.6,0.6,0.4,0.1,100,FALSE,5,30,100
b2763,1,TRUE,TRUE,FALSE,TRUE,Cysteine-2,Cysteine-1,['p1k_00080'],7,FALSE,basal,10,TRUE,0.3,FALSE,"[-1, 3]",0.2,0.2,TRUE,0.2,"[-4, 2]","[-4, 2]",TRUE,toss,42,100,100,100,0.6,0.6,0.4,0.1,100,FALSE,5,30,100
b0060,1,TRUE,TRUE,FALSE,TRUE,DNA Damage,,['p1k_00367'],7,FALSE,basal,10,TRUE,0.3,FALSE,"[-1, 3]",0.2,0.2,TRUE,0.2,"[-4, 2]","[-4, 2]",TRUE,toss,42,100,100,100,0.6,0.6,0.4,0.1,100,FALSE,5,30,100
b0231,1,TRUE,TRUE,FALSE,TRUE,DNA Damage,,['p1k_00367'],7,FALSE,basal,10,TRUE,0.3,FALSE,"[-1, 3]",0.2,0.2,TRUE,0.2,"[-4, 2]","[-4, 2]",TRUE,toss,42,100,100,100,0.6,0.6,0.4,0.1,100,FALSE,5,30,100
b0779,1,TRUE,TRUE,FALSE,TRUE,DNA Damage,,['p1k_00367'],7,FALSE,basal,10,TRUE,0.3,FALSE,"[-1, 3]",0.2,0.2,TRUE,0.2,"[-4, 2]","[-4, 2]",TRUE,toss,42,100,100,100,0.6,0.6,0.4,0.1,100,FALSE,5,30,100
b1061,1,TRUE,TRUE,FALSE,TRUE,DNA Damage,,['p1k_00367'],7,FALSE,basal,10,TRUE,0.3,FALSE,"[-1, 3]",0.2,0.2,TRUE,0.2,"[-4, 2]","[-4, 2]",TRUE,toss,42,100,100,100,0.6,0.6,0.4,0.1,100,FALSE,5,30,100
b1183,1,TRUE,TRUE,FALSE,TRUE,DNA Damage,,['p1k_00367'],7,FALSE,basal,10,TRUE,0.1,FALSE,"[-1, 3]",0.2,0.2,TRUE,0.2,"[-4, 2]","[-4, 2]",TRUE,toss,42,100,100,100,0.6,0.6,0.4,0.1,100,FALSE,5,30,100
b1184,1,TRUE,TRUE,FALSE,TRUE,DNA Damage,,['p1k_00367'],7,FALSE,basal,10,TRUE,0.3,FALSE,"[-1, 3]",0.2,0.2,TRUE,0.2,"[-4, 2]","[-4, 2]",TRUE,toss,42,100,100,100,0.6,0.6,0.4,0.1,100,FALSE,5,30,100
b1728,1,TRUE,TRUE,FALSE,TRUE,DNA Damage,,['p1k_00367'],7,FALSE,basal,10,TRUE,0.3,FALSE,"[-1, 3]",0.2,0.2,TRUE,0.2,"[-4, 2]","[-4, 2]",TRUE,toss,42,100,100,100,0.6,0.6,0.4,0.1,100,FALSE,5,30,100
b1741,1,TRUE,TRUE,FALSE,TRUE,DNA Damage,,['p1k_00367'],7,FALSE,basal,10,TRUE,0.3,FALSE,"[-1, 3]",0.2,0.2,TRUE,0.2,"[-4, 2]","[-4, 2]",TRUE,toss,42,100,100,100,0.6,0.6,0.4,0.1,100,FALSE,5,30,100
b2616,1,TRUE,TRUE,FALSE,TRUE,DNA Damage,,['p1k_00367'],7,FALSE,basal,10,TRUE,0.3,FALSE,"[-1, 3]",0.2,0.2,TRUE,0.2,"[-4, 2]","[-4, 2]",TRUE,toss,42,100,100,100,0.6,0.6,0.4,0.1,100,FALSE,5,30,100
b2699,1,TRUE,TRUE,FALSE,TRUE,DNA Damage,,['p1k_00367'],7,FALSE,basal,10,TRUE,0.3,FALSE,"[-1, 3]",0.2,0.2,TRUE,0.2,"[-4, 2]","[-4, 2]",TRUE,toss,42,100,100,100,0.6,0.6,0.4,0.1,100,FALSE,5,30,100
b4043,1,TRUE,TRUE,FALSE,TRUE,DNA Damage,,['p1k_00367'],7,FALSE,basal,10,TRUE,0.3,FALSE,"[-1, 3]",0.2,0.2,TRUE,0.2,"[-4, 2]","[-4, 2]",TRUE,toss,42,100,100,100,0.6,0.6,0.4,0.1,100,FALSE,5,30,100
b4044,1,TRUE,TRUE,FALSE,TRUE,DNA Damage,,['p1k_00367'],7,FALSE,basal,10,TRUE,0.3,FALSE,"[-1, 3]",0.2,0.2,TRUE,0.2,"[-4, 2]","[-4, 2]",TRUE,toss,42,100,100,100,0.6,0.6,0.4,0.1,100,FALSE,5,30,100
b4058,1,TRUE,TRUE,FALSE,TRUE,DNA Damage,,['p1k_00367'],7,FALSE,basal,10,TRUE,0.3,FALSE,"[-1, 3]",0.2,0.2,TRUE,0.2,"[-4, 2]","[-4, 2]",TRUE,toss,42,100,100,100,0.6,0.6,0.4,0.1,100,FALSE,5,30,100
b1499,1,TRUE,TRUE,FALSE,TRUE,EvgA,,['p1k_00412'],7,FALSE,basal,10,TRUE,0.3,FALSE,"[-1, 3]",0.2,0.2,TRUE,0.2,"[-4, 2]","[-4, 2]",TRUE,toss,42,100,100,100,0.6,0.6,0.4,0.1,100,FALSE,5,30,100
b1500,1,TRUE,TRUE,FALSE,TRUE,EvgA,,['p1k_00412'],7,FALSE,basal,10,TRUE,0.3,FALSE,"[-1, 3]",0.2,0.2,TRUE,0.2,"[-4, 2]","[-4, 2]",TRUE,toss,42,100,100,100,0.6,0.6,0.4,0.1,100,FALSE,5,30,100
b1501,1,TRUE,TRUE,FALSE,TRUE,EvgA,,['p1k_00412'],7,FALSE,basal,10,TRUE,0.3,FALSE,"[-1, 3]",0.2,0.2,TRUE,0.2,"[-4, 2]","[-4, 2]",TRUE,toss,42,100,100,100,0.6,0.6,0.4,0.1,100,FALSE,5,30,100
b2083,1,TRUE,TRUE,FALSE,TRUE,EvgA,,['p1k_00412'],7,FALSE,basal,10,TRUE,0.3,FALSE,"[-1, 3]",0.2,0.2,TRUE,0.2,"[-4, 2]","[-4, 2]",TRUE,toss,42,100,100,100,0.6,0.6,0.4,0.1,100,FALSE,5,30,100
b2367,-1,TRUE,FALSE,FALSE,TRUE,EvgA,,['p1k_00412'],7,FALSE,basal,10,TRUE,0.1,FALSE,"[-1, 3]",0.2,0.2,TRUE,0.2,"[-4, 2]","[-4, 2]",TRUE,toss,42,100,100,100,0.6,0.6,0.4,0.1,100,FALSE,5,30,100
b2368,-1,TRUE,FALSE,FALSE,TRUE,EvgA,,['p1k_00412'],7,FALSE,basal,10,TRUE,0.1,FALSE,"[-1, 3]",0.2,0.2,TRUE,0.2,"[-4, 2]","[-4, 2]",TRUE,toss,42,100,100,100,0.6,0.6,0.4,0.1,100,FALSE,5,30,100
b2789,-1,TRUE,FALSE,FALSE,TRUE,Sugar Diacid,,['p1k_00368'],7,FALSE,basal,10,TRUE,0.05,FALSE,"[-1, 3]",0.2,0.2,TRUE,0.2,"[-4, 2]","[-4, 2]",TRUE,toss,42,100,100,100,0.6,0.6,0.4,0.1,100,FALSE,5,30,100
b2372,1,TRUE,TRUE,FALSE,TRUE,EvgA,,['p1k_00412'],7,FALSE,basal,10,TRUE,0.3,FALSE,"[-1, 3]",0.2,0.2,TRUE,0.2,"[-4, 2]","[-4, 2]",TRUE,toss,42,100,100,100,0.6,0.6,0.4,0.1,100,FALSE,5,30,100
b2373,1,TRUE,TRUE,FALSE,TRUE,EvgA,,['p1k_00412'],7,FALSE,basal,10,TRUE,0.3,FALSE,"[-1, 3]",0.2,0.2,TRUE,0.2,"[-4, 2]","[-4, 2]",TRUE,toss,42,100,100,100,0.6,0.6,0.4,0.1,100,FALSE,5,30,100
b2374,1,TRUE,TRUE,FALSE,TRUE,EvgA,,['p1k_00412'],8,FALSE,basal,10,TRUE,0.1,FALSE,"[-1, 3]",0.2,0.2,TRUE,0.2,"[-4, 2]","[-4, 2]",TRUE,toss,42,100,100,100,0.6,0.6,0.4,0.1,100,FALSE,5,30,100
b2375,1,TRUE,TRUE,FALSE,TRUE,EvgA,,['p1k_00412'],7,FALSE,basal,10,TRUE,0.3,FALSE,"[-1, 3]",0.2,0.2,TRUE,0.2,"[-4, 2]","[-4, 2]",TRUE,toss,42,100,100,100,0.6,0.6,0.4,0.1,100,FALSE,5,30,100
b0221,1,TRUE,TRUE,FALSE,TRUE,Fatty Acid,,['p1k_00469'],7,FALSE,basal,10,TRUE,0.1,FALSE,"[-1, 3]",0.2,0.2,TRUE,0.2,"[-4, 2]","[-4, 2]",TRUE,toss,42,100,100,100,0.6,0.6,0.4,0.1,100,FALSE,5,30,100
b1187,1,TRUE,TRUE,FALSE,TRUE,Fatty Acid,,['p1k_00469'],7,FALSE,basal,10,TRUE,0.3,FALSE,"[-1, 3]",0.2,0.2,TRUE,0.2,"[-4, 2]","[-4, 2]",TRUE,toss,42,100,100,100,0.6,0.6,0.4,0.1,100,FALSE,5,30,100
b2341,1,TRUE,TRUE,FALSE,TRUE,Fatty Acid,,['p1k_00469'],7,FALSE,basal,10,TRUE,0.3,FALSE,"[-1, 3]",0.2,0.2,TRUE,0.2,"[-4, 2]","[-4, 2]",TRUE,toss,42,100,100,100,0.6,0.6,0.4,0.1,100,FALSE,5,30,100
b2342,1,TRUE,TRUE,FALSE,TRUE,Fatty Acid,,['p1k_00469'],7,FALSE,basal,10,TRUE,0.3,FALSE,"[-1, 3]",0.2,0.2,TRUE,0.2,"[-4, 2]","[-4, 2]",TRUE,toss,42,100,100,100,0.6,0.6,0.4,0.1,100,FALSE,5,30,100
b3081,1,TRUE,TRUE,FALSE,TRUE,Fatty Acid,,['p1k_00469'],8,FALSE,basal,10,TRUE,0.1,FALSE,"[-1, 3]",0.2,0.2,TRUE,0.2,"[-4, 2]","[-4, 2]",TRUE,toss,42,100,100,100,0.6,0.6,0.4,0.1,100,FALSE,5,30,100
b3845,1,TRUE,TRUE,FALSE,TRUE,Fatty Acid,,['p1k_00469'],7,FALSE,basal,10,TRUE,0.1,FALSE,"[-1, 3]",0.2,0.2,TRUE,0.2,"[-4, 2]","[-4, 2]",TRUE,toss,42,100,100,100,0.6,0.6,0.4,0.1,100,FALSE,5,30,100
b3125,-1,TRUE,FALSE,FALSE,TRUE,Sugar Diacid,,['p1k_00368'],7,FALSE,basal,10,TRUE,0.05,FALSE,"[-1, 3]",0.2,0.2,TRUE,0.2,"[-4, 2]","[-4, 2]",TRUE,toss,42,100,100,100,0.6,0.6,0.4,0.1,100,FALSE,5,30,100
b1072,1,TRUE,TRUE,FALSE,TRUE,FlhDC-2,FlhDC-1,['p1k_00565'],7,FALSE,basal,10,TRUE,0.1,FALSE,"[-1, 3]",0.2,0.2,TRUE,0.2,"[-4, 2]","[-4, 2]",TRUE,toss,42,100,100,100,0.6,0.6,0.4,0.1,100,FALSE,5,30,100
b1077,-1,TRUE,FALSE,FALSE,TRUE,FlhDC-2,,['p1k_00906'],7,FALSE,basal,10,TRUE,0.1,FALSE,"[-1, 3]",0.2,0.2,TRUE,0.2,"[-4, 2]","[-4, 2]",TRUE,toss,42,100,100,100,0.6,0.6,0.4,0.1,100,FALSE,5,30,100
b1078,-1,TRUE,FALSE,FALSE,TRUE,FlhDC-2,,['p1k_00906'],7,FALSE,basal,10,TRUE,0.1,FALSE,"[-1, 3]",0.2,0.2,TRUE,0.2,"[-4, 2]","[-4, 2]",TRUE,toss,42,100,100,100,0.6,0.6,0.4,0.1,100,FALSE,5,30,100
b3126,-1,TRUE,FALSE,FALSE,TRUE,Sugar Diacid,,['p1k_00368'],7,FALSE,basal,10,TRUE,0.05,FALSE,"[-1, 3]",0.2,0.2,TRUE,0.2,"[-4, 2]","[-4, 2]",TRUE,toss,42,100,100,100,0.6,0.6,0.4,0.1,100,FALSE,5,30,100
b1080,1,TRUE,TRUE,FALSE,TRUE,FlhDC-2,FlhDC-1,['p1k_00565'],7,FALSE,basal,10,TRUE,0.3,FALSE,"[-1, 3]",0.2,0.2,TRUE,0.2,"[-4, 2]","[-4, 2]",TRUE,toss,42,100,100,100,0.6,0.6,0.4,0.1,100,FALSE,5,30,100
b1081,1,TRUE,TRUE,FALSE,TRUE,FlhDC-2,FlhDC-1,['p1k_00565'],7,FALSE,basal,10,TRUE,0.3,FALSE,"[-1, 3]",0.2,0.2,TRUE,0.2,"[-4, 2]","[-4, 2]",TRUE,toss,42,100,100,100,0.6,0.6,0.4,0.1,100,FALSE,5,30,100
b1878,1,TRUE,TRUE,FALSE,TRUE,FlhDC-2,FlhDC-1,['p1k_00565'],7,FALSE,basal,10,TRUE,0.3,FALSE,"[-1, 3]",0.2,0.2,TRUE,0.2,"[-4, 2]","[-4, 2]",TRUE,toss,42,100,100,100,0.6,0.6,0.4,0.1,100,FALSE,5,30,100
b1879,1,TRUE,TRUE,FALSE,TRUE,FlhDC-2,FlhDC-1,['p1k_00565'],7,FALSE,basal,10,TRUE,0.3,FALSE,"[-1, 3]",0.2,0.2,TRUE,0.2,"[-4, 2]","[-4, 2]",TRUE,toss,42,100,100,100,0.6,0.6,0.4,0.1,100,FALSE,5,30,100
b1880,1,TRUE,TRUE,FALSE,TRUE,FlhDC-2,FlhDC-1,['p1k_00565'],7,FALSE,basal,10,TRUE,0.3,FALSE,"[-1, 3]",0.2,0.2,TRUE,0.2,"[-4, 2]","[-4, 2]",TRUE,toss,42,100,100,100,0.6,0.6,0.4,0.1,100,FALSE,5,30,100
b1904,1,TRUE,TRUE,FALSE,TRUE,FlhDC-2,FlhDC-1,['p1k_00565'],7,FALSE,basal,10,TRUE,0.3,FALSE,"[-1, 3]",0.2,0.2,TRUE,0.2,"[-4, 2]","[-4, 2]",TRUE,toss,42,100,100,100,0.6,0.6,0.4,0.1,100,FALSE,5,30,100
b1937,1,TRUE,TRUE,FALSE,TRUE,FlhDC-2,FlhDC-1,['p1k_00565'],7,FALSE,basal,10,TRUE,0.3,FALSE,"[-1, 3]",0.2,0.2,TRUE,0.2,"[-4, 2]","[-4, 2]",TRUE,toss,42,100,100,100,0.6,0.6,0.4,0.1,100,FALSE,5,30,100
b1938,-1,TRUE,FALSE,FALSE,TRUE,FlhDC-2,,['p1k_00906'],7,FALSE,basal,10,TRUE,0.1,FALSE,"[-1, 3]",0.2,0.2,TRUE,0.2,"[-4, 2]","[-4, 2]",TRUE,toss,42,100,100,100,0.6,0.6,0.4,0.1,100,FALSE,5,30,100
b1939,1,TRUE,TRUE,FALSE,TRUE,FlhDC-2,FlhDC-1,['p1k_00565'],7,FALSE,basal,10,TRUE,0.3,FALSE,"[-1, 3]",0.2,0.2,TRUE,0.2,"[-4, 2]","[-4, 2]",TRUE,toss,42,100,100,100,0.6,0.6,0.4,0.1,100,FALSE,5,30,100
b1940,1,TRUE,TRUE,FALSE,TRUE,FlhDC-2,FlhDC-1,['p1k_00565'],7,FALSE,basal,10,TRUE,0.3,FALSE,"[-1, 3]",0.2,0.2,TRUE,0.2,"[-4, 2]","[-4, 2]",TRUE,toss,42,100,100,100,0.6,0.6,0.4,0.1,100,FALSE,5,30,100
b1944,-1,TRUE,FALSE,FALSE,TRUE,FlhDC-2,,['p1k_00906'],7,FALSE,basal,10,TRUE,0.1,FALSE,"[-1, 3]",0.2,0.2,TRUE,0.2,"[-4, 2]","[-4, 2]",TRUE,toss,42,100,100,100,0.6,0.6,0.4,0.1,100,FALSE,5,30,100
b1945,-1,TRUE,FALSE,FALSE,TRUE,FlhDC-2,,['p1k_00906'],7,FALSE,basal,10,TRUE,0.1,FALSE,"[-1, 3]",0.2,0.2,TRUE,0.2,"[-4, 2]","[-4, 2]",TRUE,toss,42,100,100,100,0.6,0.6,0.4,0.1,100,FALSE,5,30,100
b1946,1,TRUE,TRUE,FALSE,TRUE,FlhDC-2,FlhDC-1,['p1k_00565'],7,FALSE,basal,10,TRUE,0.3,FALSE,"[-1, 3]",0.2,0.2,TRUE,0.2,"[-4, 2]","[-4, 2]",TRUE,toss,42,100,100,100,0.6,0.6,0.4,0.1,100,FALSE,5,30,100
b1947,1,TRUE,TRUE,FALSE,TRUE,FlhDC-2,FlhDC-1,['p1k_00565'],7,FALSE,basal,10,TRUE,0.3,FALSE,"[-1, 3]",0.2,0.2,TRUE,0.2,"[-4, 2]","[-4, 2]",TRUE,toss,42,100,100,100,0.6,0.6,0.4,0.1,100,FALSE,5,30,100
b1948,1,TRUE,TRUE,FALSE,TRUE,FlhDC-2,FlhDC-1,['p1k_00565'],7,FALSE,basal,10,TRUE,0.1,FALSE,"[-1, 3]",0.2,0.2,TRUE,0.2,"[-4, 2]","[-4, 2]",TRUE,toss,42,100,100,100,0.6,0.6,0.4,0.1,100,FALSE,5,30,100
b1949,1,TRUE,TRUE,FALSE,TRUE,FlhDC-2,FlhDC-1,['p1k_00565'],7,FALSE,basal,10,TRUE,0.3,FALSE,"[-1, 3]",0.2,0.2,TRUE,0.2,"[-4, 2]","[-4, 2]",TRUE,toss,42,100,100,100,0.6,0.6,0.4,0.1,100,FALSE,5,30,100
b1950,1,TRUE,TRUE,FALSE,TRUE,FlhDC-2,FlhDC-1,['p1k_00565'],7,FALSE,basal,10,TRUE,0.3,FALSE,"[-1, 3]",0.2,0.2,TRUE,0.2,"[-4, 2]","[-4, 2]",TRUE,toss,42,100,100,100,0.6,0.6,0.4,0.1,100,FALSE,5,30,100
b0895,1,TRUE,TRUE,FALSE,TRUE,Fnr-1,,['p1k_00368'],7,FALSE,basal,10,TRUE,0.3,FALSE,"[-1, 3]",0.2,0.2,TRUE,0.2,"[-4, 2]","[-4, 2]",TRUE,toss,42,100,100,100,0.6,0.6,0.4,0.1,100,FALSE,5,30,100
b0896,1,TRUE,TRUE,FALSE,TRUE,Fnr-1,,['p1k_00368'],7,FALSE,basal,10,TRUE,0.3,FALSE,"[-1, 3]",0.2,0.2,TRUE,0.2,"[-4, 2]","[-4, 2]",TRUE,toss,42,100,100,100,0.6,0.6,0.4,0.1,100,FALSE,5,30,100
b0903,1,TRUE,TRUE,FALSE,TRUE,Fnr-1,,['p1k_00368'],7,FALSE,basal,10,TRUE,0.3,FALSE,"[-1, 3]",0.2,0.2,TRUE,0.2,"[-4, 2]","[-4, 2]",TRUE,toss,42,100,100,100,0.6,0.6,0.4,0.1,100,FALSE,5,30,100
b1588,1,TRUE,TRUE,FALSE,TRUE,Fnr-1,,['p1k_00368'],7,FALSE,basal,10,TRUE,0.3,FALSE,"[-1, 3]",0.2,0.2,TRUE,0.2,"[-4, 2]","[-4, 2]",TRUE,toss,42,100,100,100,0.6,0.6,0.4,0.1,100,FALSE,5,30,100
b1589,1,TRUE,TRUE,FALSE,TRUE,Fnr-1,,['p1k_00368'],7,FALSE,basal,10,TRUE,0.3,FALSE,"[-1, 3]",0.2,0.2,TRUE,0.2,"[-4, 2]","[-4, 2]",TRUE,toss,42,100,100,100,0.6,0.6,0.4,0.1,100,FALSE,5,30,100
b1590,1,TRUE,TRUE,FALSE,TRUE,Fnr-1,,['p1k_00368'],7,FALSE,basal,10,TRUE,0.3,FALSE,"[-1, 3]",0.2,0.2,TRUE,0.2,"[-4, 2]","[-4, 2]",TRUE,toss,42,100,100,100,0.6,0.6,0.4,0.1,100,FALSE,5,30,100
b2729,1,TRUE,TRUE,FALSE,TRUE,Fnr-1,,['p1k_00368'],7,FALSE,basal,10,TRUE,0.3,FALSE,"[-1, 3]",0.2,0.2,TRUE,0.2,"[-4, 2]","[-4, 2]",TRUE,toss,42,100,100,100,0.6,0.6,0.4,0.1,100,FALSE,5,30,100
b2730,1,TRUE,TRUE,FALSE,TRUE,Fnr-1,,['p1k_00368'],7,FALSE,basal,10,TRUE,0.3,FALSE,"[-1, 3]",0.2,0.2,TRUE,0.2,"[-4, 2]","[-4, 2]",TRUE,toss,42,100,100,100,0.6,0.6,0.4,0.1,100,FALSE,5,30,100
b4122,1,TRUE,TRUE,FALSE,TRUE,Fnr-1,,['p1k_00368'],7,FALSE,basal,10,TRUE,0.1,FALSE,"[-1, 3]",0.2,0.2,TRUE,0.2,"[-4, 2]","[-4, 2]",TRUE,toss,42,100,100,100,0.6,0.6,0.4,0.1,100,FALSE,5,30,100
b0150,1,TRUE,TRUE,FALSE,TRUE,Fur-2,,['p1k_00337'],7,FALSE,basal,10,TRUE,0.3,FALSE,"[-1, 3]",0.2,0.2,TRUE,0.2,"[-4, 2]","[-4, 2]",TRUE,toss,42,100,100,100,0.6,0.6,0.4,0.1,100,FALSE,5,30,100
b0151,1,TRUE,TRUE,FALSE,TRUE,Fur-2,,['p1k_00337'],7,FALSE,basal,10,TRUE,0.3,FALSE,"[-1, 3]",0.2,0.2,TRUE,0.2,"[-4, 2]","[-4, 2]",TRUE,toss,42,100,100,100,0.6,0.6,0.4,0.1,100,FALSE,5,30,100
b0152,1,TRUE,TRUE,FALSE,TRUE,Fur-2,,['p1k_00337'],7,FALSE,basal,10,TRUE,0.3,FALSE,"[-1, 3]",0.2,0.2,TRUE,0.2,"[-4, 2]","[-4, 2]",TRUE,toss,42,100,100,100,0.6,0.6,0.4,0.1,100,FALSE,5,30,100
b0153,-1,TRUE,FALSE,FALSE,TRUE,Fur-2,Fur-1,['p1k_00358'],7,FALSE,basal,10,TRUE,0.3,FALSE,"[-1, 3]",0.2,0.2,TRUE,0.2,"[-4, 2]","[-4, 2]",TRUE,toss,42,100,100,100,0.6,0.6,0.4,0.1,100,FALSE,5,30,100
b0585,1,TRUE,TRUE,FALSE,TRUE,Fur-2,Fur-1,['p1k_00358'],7,FALSE,basal,10,TRUE,0.3,FALSE,"[-1, 3]",0.2,0.2,TRUE,0.2,"[-4, 2]","[-4, 2]",TRUE,toss,42,100,100,100,0.6,0.6,0.4,0.1,100,FALSE,5,30,100
b0588,1,TRUE,TRUE,FALSE,TRUE,Fur-2,Fur-1,['p1k_00358'],7,FALSE,basal,10,TRUE,0.3,FALSE,"[-1, 3]",0.2,0.2,TRUE,0.2,"[-4, 2]","[-4, 2]",TRUE,toss,42,100,100,100,0.6,0.6,0.4,0.1,100,FALSE,5,30,100
b0589,1,TRUE,TRUE,FALSE,TRUE,Fur-2,Fur-1,['p1k_00358'],7,FALSE,basal,10,TRUE,0.3,FALSE,"[-1, 3]",0.2,0.2,TRUE,0.2,"[-4, 2]","[-4, 2]",TRUE,toss,42,100,100,100,0.6,0.6,0.4,0.1,100,FALSE,5,30,100
b0590,1,TRUE,TRUE,FALSE,TRUE,Fur-2,Fur-1,['p1k_00358'],7,FALSE,basal,10,TRUE,0.3,FALSE,"[-1, 3]",0.2,0.2,TRUE,0.2,"[-4, 2]","[-4, 2]",TRUE,toss,42,100,100,100,0.6,0.6,0.4,0.1,100,FALSE,5,30,100
b0591,1,TRUE,TRUE,FALSE,TRUE,Fur-2,Fur-1,['p1k_00358'],7,FALSE,basal,10,TRUE,0.3,FALSE,"[-1, 3]",0.2,0.2,TRUE,0.2,"[-4, 2]","[-4, 2]",TRUE,toss,42,100,100,100,0.6,0.6,0.4,0.1,100,FALSE,5,30,100
b0592,1,TRUE,TRUE,FALSE,TRUE,Fur-2,Fur-1,['p1k_00358'],7,FALSE,basal,10,TRUE,0.3,FALSE,"[-1, 3]",0.2,0.2,TRUE,0.2,"[-4, 2]","[-4, 2]",TRUE,toss,42,100,100,100,0.6,0.6,0.4,0.1,100,FALSE,5,30,100
b1252,1,TRUE,TRUE,FALSE,TRUE,Fur-2,,['p1k_00337'],7,FALSE,basal,10,TRUE,0.3,FALSE,"[-1, 3]",0.2,0.2,TRUE,0.2,"[-4, 2]","[-4, 2]",TRUE,toss,42,100,100,100,0.6,0.6,0.4,0.1,100,FALSE,5,30,100
b3005,1,TRUE,TRUE,FALSE,TRUE,Fur-2,,['p1k_00337'],7,FALSE,basal,10,TRUE,0.3,FALSE,"[-1, 3]",0.2,0.2,TRUE,0.2,"[-4, 2]","[-4, 2]",TRUE,toss,42,100,100,100,0.6,0.6,0.4,0.1,100,FALSE,5,30,100
b3006,1,TRUE,TRUE,FALSE,TRUE,Fur-2,,['p1k_00337'],7,FALSE,basal,10,TRUE,0.3,FALSE,"[-1, 3]",0.2,0.2,TRUE,0.2,"[-4, 2]","[-4, 2]",TRUE,toss,42,100,100,100,0.6,0.6,0.4,0.1,100,FALSE,5,30,100
b4511,1,TRUE,TRUE,FALSE,TRUE,Fur-2,Fur-1,['p1k_00358'],7,FALSE,basal,10,TRUE,0.3,FALSE,"[-1, 3]",0.2,0.2,TRUE,0.2,"[-4, 2]","[-4, 2]",TRUE,toss,42,100,100,100,0.6,0.6,0.4,0.1,100,FALSE,5,30,100
b0809,-1,TRUE,FALSE,FALSE,TRUE,Glutamine,,['p1k_00848'],7,FALSE,basal,10,TRUE,0.1,FALSE,"[-1, 3]",0.2,0.2,TRUE,0.2,"[-4, 2]","[-4, 2]",TRUE,toss,42,100,100,100,0.6,0.6,0.4,0.1,100,FALSE,5,30,100
b2062,1,TRUE,TRUE,FALSE,TRUE,Capsule,,['p1k_00540'],7,FALSE,basal,10,TRUE,0.01,FALSE,"[-1, 3]",0.2,0.2,TRUE,0.2,"[-4, 2]","[-4, 2]",TRUE,toss,42,100,100,100,0.6,0.6,0.4,0.1,100,FALSE,5,30,100
b0811,-1,TRUE,FALSE,FALSE,TRUE,Glutamine,,['p1k_00848'],7,FALSE,basal,10,TRUE,0.1,FALSE,"[-1, 3]",0.2,0.2,TRUE,0.2,"[-4, 2]","[-4, 2]",TRUE,toss,42,100,100,100,0.6,0.6,0.4,0.1,100,FALSE,5,30,100
b1798,1,TRUE,TRUE,FALSE,TRUE,Lrp,,['p1k_00273'],7,FALSE,basal,10,TRUE,0.3,FALSE,"[-1, 3]",0.2,0.2,TRUE,0.2,"[-4, 2]","[-4, 2]",TRUE,toss,42,100,100,100,0.6,0.6,0.4,0.1,100,FALSE,5,30,100
b2209,1,TRUE,TRUE,FALSE,TRUE,Lrp,,['p1k_00273'],7,FALSE,basal,10,TRUE,0.3,FALSE,"[-1, 3]",0.2,0.2,TRUE,0.2,"[-4, 2]","[-4, 2]",TRUE,toss,42,100,100,100,0.6,0.6,0.4,0.1,100,FALSE,5,30,100
b2845,1,TRUE,TRUE,FALSE,TRUE,Lrp,,['p1k_00273'],7,FALSE,basal,10,TRUE,0.3,FALSE,"[-1, 3]",0.2,0.2,TRUE,0.2,"[-4, 2]","[-4, 2]",TRUE,toss,42,100,100,100,0.6,0.6,0.4,0.1,100,FALSE,5,30,100
b3673,1,TRUE,TRUE,FALSE,TRUE,Lrp,,['p1k_00273'],7,FALSE,basal,10,TRUE,0.3,FALSE,"[-1, 3]",0.2,0.2,TRUE,0.2,"[-4, 2]","[-4, 2]",TRUE,toss,42,100,100,100,0.6,0.6,0.4,0.1,100,FALSE,5,30,100
b0166,1,TRUE,TRUE,FALSE,TRUE,Lysine/T2SS,,['p1k_00367'],7,FALSE,basal,10,TRUE,0.3,FALSE,"[-1, 3]",0.2,0.2,TRUE,0.2,"[-4, 2]","[-4, 2]",TRUE,toss,42,100,100,100,0.6,0.6,0.4,0.1,100,FALSE,5,30,100
b2156,1,TRUE,TRUE,FALSE,TRUE,Lysine/T2SS,,['p1k_00367'],7,FALSE,basal,10,TRUE,0.3,FALSE,"[-1, 3]",0.2,0.2,TRUE,0.2,"[-4, 2]","[-4, 2]",TRUE,toss,42,100,100,100,0.6,0.6,0.4,0.1,100,FALSE,5,30,100
b2254,1,TRUE,TRUE,FALSE,TRUE,BasR,,['p1k_00856'],7,FALSE,basal,10,TRUE,0.1,FALSE,"[-1, 3]",0.2,0.2,TRUE,0.2,"[-4, 2]","[-4, 2]",TRUE,toss,42,100,100,100,0.6,0.6,0.4,0.1,100,FALSE,5,30,100
b0841,1,TRUE,TRUE,FALSE,TRUE,Magnesium,,['p1k_00365'],7,FALSE,basal,10,TRUE,0.3,FALSE,"[-1, 3]",0.2,0.2,TRUE,0.2,"[-4, 2]","[-4, 2]",TRUE,toss,42,100,100,100,0.6,0.6,0.4,0.1,100,FALSE,5,30,100
b1130,1,TRUE,TRUE,FALSE,TRUE,Magnesium,,['p1k_00365'],7,FALSE,basal,10,TRUE,0.3,FALSE,"[-1, 3]",0.2,0.2,TRUE,0.2,"[-4, 2]","[-4, 2]",TRUE,toss,42,100,100,100,0.6,0.6,0.4,0.1,100,FALSE,5,30,100
b1608,1,TRUE,TRUE,FALSE,TRUE,Magnesium,,['p1k_00365'],7,FALSE,basal,10,TRUE,0.3,FALSE,"[-1, 3]",0.2,0.2,TRUE,0.2,"[-4, 2]","[-4, 2]",TRUE,toss,42,100,100,100,0.6,0.6,0.4,0.1,100,FALSE,5,30,100
b1609,1,TRUE,TRUE,FALSE,TRUE,Magnesium,,['p1k_00365'],7,FALSE,basal,10,TRUE,0.3,FALSE,"[-1, 3]",0.2,0.2,TRUE,0.2,"[-4, 2]","[-4, 2]",TRUE,toss,42,100,100,100,0.6,0.6,0.4,0.1,100,FALSE,5,30,100
b3571,1,TRUE,TRUE,FALSE,TRUE,Maltose,,['p1k_00368'],7,FALSE,basal,10,TRUE,0.3,FALSE,"[-1, 3]",0.2,0.2,TRUE,0.2,"[-4, 2]","[-4, 2]",TRUE,toss,42,100,100,100,0.6,0.6,0.4,0.1,100,FALSE,5,30,100
b3127,-1,TRUE,FALSE,FALSE,TRUE,Sugar Diacid,,['p1k_00368'],7,FALSE,basal,10,TRUE,0.05,FALSE,"[-1, 3]",0.2,0.2,TRUE,0.2,"[-4, 2]","[-4, 2]",TRUE,toss,42,100,100,100,0.6,0.6,0.4,0.1,100,FALSE,5,30,100
b3128,-1,TRUE,FALSE,FALSE,TRUE,Sugar Diacid,,['p1k_00368'],7,FALSE,basal,10,TRUE,0.05,FALSE,"[-1, 3]",0.2,0.2,TRUE,0.2,"[-4, 2]","[-4, 2]",TRUE,toss,42,100,100,100,0.6,0.6,0.4,0.1,100,FALSE,5,30,100
b4035,-1,TRUE,FALSE,FALSE,TRUE,Maltose,,['p1k_00368'],7,FALSE,basal,10,TRUE,0.1,FALSE,"[-1, 3]",0.2,0.2,TRUE,0.2,"[-4, 2]","[-4, 2]",TRUE,toss,42,100,100,100,0.6,0.6,0.4,0.1,100,FALSE,5,30,100
b4036,-1,TRUE,FALSE,FALSE,TRUE,Maltose,,['p1k_00368'],7,FALSE,basal,10,TRUE,0.1,FALSE,"[-1, 3]",0.2,0.2,TRUE,0.2,"[-4, 2]","[-4, 2]",TRUE,toss,42,100,100,100,0.6,0.6,0.4,0.1,100,FALSE,5,30,100
b4037,-1,TRUE,FALSE,FALSE,TRUE,Maltose,,['p1k_00368'],7,FALSE,basal,10,TRUE,0.1,FALSE,"[-1, 3]",0.2,0.2,TRUE,0.2,"[-4, 2]","[-4, 2]",TRUE,toss,42,100,100,100,0.6,0.6,0.4,0.1,100,FALSE,5,30,100
b0198,1,TRUE,TRUE,FALSE,TRUE,Methionine,,['starve_series__t11_starve'],7,FALSE,basal,10,TRUE,0.1,FALSE,"[-1, 3]",0.2,0.2,TRUE,0.2,"[-4, 2]","[-4, 2]",TRUE,toss,42,100,100,100,0.6,0.6,0.4,0.1,100,FALSE,5,30,100
b0199,1,TRUE,TRUE,FALSE,TRUE,Methionine,,['starve_series__t11_starve'],7,FALSE,basal,10,TRUE,0.1,FALSE,"[-1, 3]",0.2,0.2,TRUE,0.2,"[-4, 2]","[-4, 2]",TRUE,toss,42,100,100,100,0.6,0.6,0.4,0.1,100,FALSE,5,30,100
b2942,-1,TRUE,FALSE,FALSE,TRUE,Methionine,,['starve_series__t11_starve'],7,FALSE,basal,10,TRUE,0.1,FALSE,"[-1, 3]",0.2,0.2,TRUE,0.2,"[-4, 2]","[-4, 2]",TRUE,toss,42,100,100,100,0.6,0.6,0.4,0.1,100,FALSE,5,30,100
b3008,1,TRUE,TRUE,FALSE,TRUE,Methionine,,['starve_series__t11_starve'],7,FALSE,basal,10,TRUE,0.3,FALSE,"[-1, 3]",0.2,0.2,TRUE,0.2,"[-4, 2]","[-4, 2]",TRUE,toss,42,100,100,100,0.6,0.6,0.4,0.1,100,FALSE,5,30,100
b3828,-1,TRUE,FALSE,FALSE,TRUE,Methionine,,['starve_series__t11_starve'],7,FALSE,basal,10,TRUE,0.1,FALSE,"[-1, 3]",0.2,0.2,TRUE,0.2,"[-4, 2]","[-4, 2]",TRUE,toss,42,100,100,100,0.6,0.6,0.4,0.1,100,FALSE,5,30,100
b3941,-1,TRUE,FALSE,FALSE,TRUE,Methionine,,['starve_series__t11_starve'],7,FALSE,basal,10,TRUE,0.1,FALSE,"[-1, 3]",0.2,0.2,TRUE,0.2,"[-4, 2]","[-4, 2]",TRUE,toss,42,100,100,100,0.6,0.6,0.4,0.1,100,FALSE,5,30,100
b4013,-1,TRUE,FALSE,FALSE,TRUE,Methionine,,['starve_series__t11_starve'],7,FALSE,basal,10,TRUE,0.1,FALSE,"[-1, 3]",0.2,0.2,TRUE,0.2,"[-4, 2]","[-4, 2]",TRUE,toss,42,100,100,100,0.6,0.6,0.4,0.1,100,FALSE,5,30,100
b0644,1,TRUE,TRUE,FALSE,TRUE,Nitrogen,,['p1k_00848'],7,FALSE,basal,10,TRUE,0.1,FALSE,"[-1, 3]",0.2,0.2,TRUE,0.2,"[-4, 2]","[-4, 2]",TRUE,toss,42,100,100,100,0.6,0.6,0.4,0.1,100,FALSE,5,30,100
b3043,1,TRUE,TRUE,FALSE,TRUE,Nitrogen,,['p1k_00848'],7,FALSE,basal,10,TRUE,0.3,FALSE,"[-1, 3]",0.2,0.2,TRUE,0.2,"[-4, 2]","[-4, 2]",TRUE,toss,42,100,100,100,0.6,0.6,0.4,0.1,100,FALSE,5,30,100
b0475,1,TRUE,TRUE,FALSE,TRUE,OxyR,,['p1k_00821'],7,FALSE,basal,10,TRUE,0.3,FALSE,"[-1, 3]",0.2,0.2,TRUE,0.2,"[-4, 2]","[-4, 2]",TRUE,toss,42,100,100,100,0.6,0.6,0.4,0.1,100,FALSE,5,30,100
b0605,1,TRUE,TRUE,FALSE,TRUE,OxyR,,['p1k_00821'],7,FALSE,basal,10,TRUE,0.3,FALSE,"[-1, 3]",0.2,0.2,TRUE,0.2,"[-4, 2]","[-4, 2]",TRUE,toss,42,100,100,100,0.6,0.6,0.4,0.1,100,FALSE,5,30,100
b0606,1,TRUE,TRUE,FALSE,TRUE,OxyR,,['p1k_00821'],7,FALSE,basal,10,TRUE,0.3,FALSE,"[-1, 3]",0.2,0.2,TRUE,0.2,"[-4, 2]","[-4, 2]",TRUE,toss,42,100,100,100,0.6,0.6,0.4,0.1,100,FALSE,5,30,100
b1749,1,TRUE,TRUE,FALSE,TRUE,OxyR,,['p1k_00821'],7,FALSE,basal,10,TRUE,0.3,FALSE,"[-1, 3]",0.2,0.2,TRUE,0.2,"[-4, 2]","[-4, 2]",TRUE,toss,42,100,100,100,0.6,0.6,0.4,0.1,100,FALSE,5,30,100
b2436,1,TRUE,TRUE,FALSE,TRUE,OxyR,,['p1k_00821'],7,FALSE,basal,10,TRUE,0.3,FALSE,"[-1, 3]",0.2,0.2,TRUE,0.2,"[-4, 2]","[-4, 2]",TRUE,toss,42,100,100,100,0.6,0.6,0.4,0.1,100,FALSE,5,30,100
b3942,1,TRUE,TRUE,FALSE,TRUE,OxyR,,['p1k_00821'],8,FALSE,basal,10,TRUE,0.1,FALSE,"[-1, 3]",0.2,0.2,TRUE,0.2,"[-4, 2]","[-4, 2]",TRUE,toss,42,100,100,100,0.6,0.6,0.4,0.1,100,FALSE,5,30,100
b0399,1,TRUE,TRUE,FALSE,TRUE,Phosphate-1,,['p1k_00365'],7,FALSE,basal,10,TRUE,0.1,FALSE,"[-1, 3]",0.2,0.2,TRUE,0.2,"[-4, 2]","[-4, 2]",TRUE,toss,42,100,100,100,0.6,0.6,0.4,0.1,100,FALSE,5,30,100
b3724,1,TRUE,TRUE,FALSE,TRUE,Phosphate-1,,['p1k_00365'],7,FALSE,basal,10,TRUE,0.3,FALSE,"[-1, 3]",0.2,0.2,TRUE,0.2,"[-4, 2]","[-4, 2]",TRUE,toss,42,100,100,100,0.6,0.6,0.4,0.1,100,FALSE,5,30,100
b3725,1,TRUE,TRUE,FALSE,TRUE,Phosphate-1,,['p1k_00365'],7,FALSE,basal,10,TRUE,0.3,FALSE,"[-1, 3]",0.2,0.2,TRUE,0.2,"[-4, 2]","[-4, 2]",TRUE,toss,42,100,100,100,0.6,0.6,0.4,0.1,100,FALSE,5,30,100
b3726,1,TRUE,TRUE,FALSE,TRUE,Phosphate-1,,['p1k_00365'],7,FALSE,basal,10,TRUE,0.1,FALSE,"[-1, 3]",0.2,0.2,TRUE,0.2,"[-4, 2]","[-4, 2]",TRUE,toss,42,100,100,100,0.6,0.6,0.4,0.1,100,FALSE,5,30,100
b3727,1,TRUE,TRUE,FALSE,TRUE,Phosphate-1,,['p1k_00365'],7,FALSE,basal,10,TRUE,0.3,FALSE,"[-1, 3]",0.2,0.2,TRUE,0.2,"[-4, 2]","[-4, 2]",TRUE,toss,42,100,100,100,0.6,0.6,0.4,0.1,100,FALSE,5,30,100
b3728,1,TRUE,TRUE,FALSE,TRUE,Phosphate-1,,['p1k_00365'],7,FALSE,basal,10,TRUE,0.1,FALSE,"[-1, 3]",0.2,0.2,TRUE,0.2,"[-4, 2]","[-4, 2]",TRUE,toss,42,100,100,100,0.6,0.6,0.4,0.1,100,FALSE,5,30,100
b0400,1,TRUE,TRUE,FALSE,TRUE,Phosphate-2,,['p1k_00864'],7,FALSE,basal,10,TRUE,0.3,FALSE,"[-1, 3]",0.2,0.2,TRUE,0.2,"[-4, 2]","[-4, 2]",TRUE,toss,42,100,100,100,0.6,0.6,0.4,0.1,100,FALSE,5,30,100
b3452,1,TRUE,TRUE,FALSE,TRUE,Phosphate-2,,['p1k_00864'],7,FALSE,basal,10,TRUE,0.3,FALSE,"[-1, 3]",0.2,0.2,TRUE,0.2,"[-4, 2]","[-4, 2]",TRUE,toss,42,100,100,100,0.6,0.6,0.4,0.1,100,FALSE,5,30,100
b4094,1,TRUE,TRUE,FALSE,TRUE,Phosphate-2,,['p1k_00864'],7,FALSE,basal,10,TRUE,0.3,FALSE,"[-1, 3]",0.2,0.2,TRUE,0.2,"[-4, 2]","[-4, 2]",TRUE,toss,42,100,100,100,0.6,0.6,0.4,0.1,100,FALSE,5,30,100
b4095,1,TRUE,TRUE,FALSE,TRUE,Phosphate-2,,['p1k_00864'],7,FALSE,basal,10,TRUE,0.3,FALSE,"[-1, 3]",0.2,0.2,TRUE,0.2,"[-4, 2]","[-4, 2]",TRUE,toss,42,100,100,100,0.6,0.6,0.4,0.1,100,FALSE,5,30,100
b4097,1,TRUE,TRUE,FALSE,TRUE,Phosphate-2,,['p1k_00864'],7,FALSE,basal,10,TRUE,0.1,FALSE,"[-1, 3]",0.2,0.2,TRUE,0.2,"[-4, 2]","[-4, 2]",TRUE,toss,42,100,100,100,0.6,0.6,0.4,0.1,100,FALSE,5,30,100
b4098,1,TRUE,TRUE,FALSE,TRUE,Phosphate-2,,['p1k_00864'],7,FALSE,basal,10,TRUE,0.3,FALSE,"[-1, 3]",0.2,0.2,TRUE,0.2,"[-4, 2]","[-4, 2]",TRUE,toss,42,100,100,100,0.6,0.6,0.4,0.1,100,FALSE,5,30,100
b4099,1,TRUE,TRUE,FALSE,TRUE,Phosphate-2,,['p1k_00864'],7,FALSE,basal,10,TRUE,0.3,FALSE,"[-1, 3]",0.2,0.2,TRUE,0.2,"[-4, 2]","[-4, 2]",TRUE,toss,42,100,100,100,0.6,0.6,0.4,0.1,100,FALSE,5,30,100
b4100,1,TRUE,TRUE,FALSE,TRUE,Phosphate-2,,['p1k_00864'],7,FALSE,basal,10,TRUE,0.3,FALSE,"[-1, 3]",0.2,0.2,TRUE,0.2,"[-4, 2]","[-4, 2]",TRUE,toss,42,100,100,100,0.6,0.6,0.4,0.1,100,FALSE,5,30,100
b4101,1,TRUE,TRUE,FALSE,TRUE,Phosphate-2,,['p1k_00864'],7,FALSE,basal,10,TRUE,0.3,FALSE,"[-1, 3]",0.2,0.2,TRUE,0.2,"[-4, 2]","[-4, 2]",TRUE,toss,42,100,100,100,0.6,0.6,0.4,0.1,100,FALSE,5,30,100
b4102,1,TRUE,TRUE,FALSE,TRUE,Phosphate-2,,['p1k_00864'],7,FALSE,basal,10,TRUE,0.3,FALSE,"[-1, 3]",0.2,0.2,TRUE,0.2,"[-4, 2]","[-4, 2]",TRUE,toss,42,100,100,100,0.6,0.6,0.4,0.1,100,FALSE,5,30,100
b4105,1,TRUE,TRUE,FALSE,TRUE,Phosphate-2,,['p1k_00864'],7,FALSE,basal,10,TRUE,0.1,FALSE,"[-1, 3]",0.2,0.2,TRUE,0.2,"[-4, 2]","[-4, 2]",TRUE,toss,42,100,100,100,0.6,0.6,0.4,0.1,100,FALSE,5,30,100
b4106,1,TRUE,TRUE,FALSE,TRUE,Phosphate-2,,['p1k_00864'],7,FALSE,basal,10,TRUE,0.3,FALSE,"[-1, 3]",0.2,0.2,TRUE,0.2,"[-4, 2]","[-4, 2]",TRUE,toss,42,100,100,100,0.6,0.6,0.4,0.1,100,FALSE,5,30,100
b0696,-1,TRUE,FALSE,FALSE,TRUE,Potassium,,['p1k_00465'],7,FALSE,basal,10,TRUE,0.1,FALSE,"[-1, 3]",0.2,0.2,TRUE,0.2,"[-4, 2]","[-4, 2]",TRUE,toss,42,100,100,100,0.6,0.6,0.4,0.1,100,FALSE,5,30,100
b0697,-1,TRUE,FALSE,FALSE,TRUE,Potassium,,['p1k_00465'],7,FALSE,basal,10,TRUE,0.1,FALSE,"[-1, 3]",0.2,0.2,TRUE,0.2,"[-4, 2]","[-4, 2]",TRUE,toss,42,100,100,100,0.6,0.6,0.4,0.1,100,FALSE,5,30,100
b0698,-1,TRUE,FALSE,FALSE,TRUE,Potassium,,['p1k_00465'],7,FALSE,basal,10,TRUE,0.1,FALSE,"[-1, 3]",0.2,0.2,TRUE,0.2,"[-4, 2]","[-4, 2]",TRUE,toss,42,100,100,100,0.6,0.6,0.4,0.1,100,FALSE,5,30,100
b0115,1,TRUE,TRUE,FALSE,TRUE,Pyruvate-1,,['starve_series__t07_starve'],7,FALSE,basal,10,TRUE,0.3,FALSE,"[-1, 3]",0.2,0.2,TRUE,0.2,"[-4, 2]","[-4, 2]",TRUE,toss,42,100,100,100,0.6,0.6,0.4,0.1,100,FALSE,5,30,100
b3880,-1,TRUE,FALSE,FALSE,TRUE,Sulfoquinovose,,['p1k_00368'],7,FALSE,basal,10,TRUE,0.05,FALSE,"[-1, 3]",0.2,0.2,TRUE,0.2,"[-4, 2]","[-4, 2]",TRUE,toss,42,100,100,100,0.6,0.6,0.4,0.1,100,FALSE,5,30,100
b0167,1,TRUE,TRUE,FALSE,TRUE,SoxS,,['p1k_00874'],7,FALSE,basal,10,TRUE,0.3,FALSE,"[-1, 3]",0.2,0.2,TRUE,0.2,"[-4, 2]","[-4, 2]",TRUE,toss,42,100,100,100,0.6,0.6,0.4,0.1,100,FALSE,5,30,100
b0447,1,TRUE,TRUE,FALSE,TRUE,SoxS,,['p1k_00874'],7,FALSE,basal,10,TRUE,0.3,FALSE,"[-1, 3]",0.2,0.2,TRUE,0.2,"[-4, 2]","[-4, 2]",TRUE,toss,42,100,100,100,0.6,0.6,0.4,0.1,100,FALSE,5,30,100
b0462,1,TRUE,TRUE,FALSE,TRUE,SoxS,,['p1k_00874'],7,FALSE,basal,10,TRUE,0.3,FALSE,"[-1, 3]",0.2,0.2,TRUE,0.2,"[-4, 2]","[-4, 2]",TRUE,toss,42,100,100,100,0.6,0.6,0.4,0.1,100,FALSE,5,30,100
b0463,1,TRUE,TRUE,FALSE,TRUE,SoxS,,['p1k_00874'],7,FALSE,basal,10,TRUE,0.3,FALSE,"[-1, 3]",0.2,0.2,TRUE,0.2,"[-4, 2]","[-4, 2]",TRUE,toss,42,100,100,100,0.6,0.6,0.4,0.1,100,FALSE,5,30,100
b0684,1,TRUE,TRUE,FALSE,TRUE,SoxS,,['p1k_00874'],7,FALSE,basal,10,TRUE,0.3,FALSE,"[-1, 3]",0.2,0.2,TRUE,0.2,"[-4, 2]","[-4, 2]",TRUE,toss,42,100,100,100,0.6,0.6,0.4,0.1,100,FALSE,5,30,100
b0950,1,TRUE,TRUE,FALSE,TRUE,SoxS,,['p1k_00874'],7,FALSE,basal,10,TRUE,0.3,FALSE,"[-1, 3]",0.2,0.2,TRUE,0.2,"[-4, 2]","[-4, 2]",TRUE,toss,42,100,100,100,0.6,0.6,0.4,0.1,100,FALSE,5,30,100
b0951,1,TRUE,TRUE,FALSE,TRUE,SoxS,,['p1k_00874'],7,FALSE,basal,10,TRUE,0.3,FALSE,"[-1, 3]",0.2,0.2,TRUE,0.2,"[-4, 2]","[-4, 2]",TRUE,toss,42,100,100,100,0.6,0.6,0.4,0.1,100,FALSE,5,30,100
b0952,1,TRUE,TRUE,FALSE,TRUE,SoxS,,['p1k_00874'],7,FALSE,basal,10,TRUE,0.3,FALSE,"[-1, 3]",0.2,0.2,TRUE,0.2,"[-4, 2]","[-4, 2]",TRUE,toss,42,100,100,100,0.6,0.6,0.4,0.1,100,FALSE,5,30,100
b1277,1,TRUE,TRUE,FALSE,TRUE,SoxS,,['p1k_00874'],7,FALSE,basal,10,TRUE,0.3,FALSE,"[-1, 3]",0.2,0.2,TRUE,0.2,"[-4, 2]","[-4, 2]",TRUE,toss,42,100,100,100,0.6,0.6,0.4,0.1,100,FALSE,5,30,100
b1377,1,TRUE,TRUE,FALSE,TRUE,SoxS,,['p1k_00874'],7,FALSE,basal,10,TRUE,0.3,FALSE,"[-1, 3]",0.2,0.2,TRUE,0.2,"[-4, 2]","[-4, 2]",TRUE,toss,42,100,100,100,0.6,0.6,0.4,0.1,100,FALSE,5,30,100
b2159,1,TRUE,TRUE,FALSE,TRUE,SoxS,,['p1k_00874'],7,FALSE,basal,10,TRUE,0.3,FALSE,"[-1, 3]",0.2,0.2,TRUE,0.2,"[-4, 2]","[-4, 2]",TRUE,toss,42,100,100,100,0.6,0.6,0.4,0.1,100,FALSE,5,30,100
b2237,1,TRUE,TRUE,FALSE,TRUE,SoxS,,['p1k_00874'],7,FALSE,basal,10,TRUE,0.3,FALSE,"[-1, 3]",0.2,0.2,TRUE,0.2,"[-4, 2]","[-4, 2]",TRUE,toss,42,100,100,100,0.6,0.6,0.4,0.1,100,FALSE,5,30,100
b2895,1,TRUE,TRUE,FALSE,TRUE,SoxS,,['p1k_00874'],7,FALSE,basal,10,TRUE,0.3,FALSE,"[-1, 3]",0.2,0.2,TRUE,0.2,"[-4, 2]","[-4, 2]",TRUE,toss,42,100,100,100,0.6,0.6,0.4,0.1,100,FALSE,5,30,100
b3035,1,TRUE,TRUE,FALSE,TRUE,SoxS,,['p1k_00874'],7,FALSE,basal,10,TRUE,0.3,FALSE,"[-1, 3]",0.2,0.2,TRUE,0.2,"[-4, 2]","[-4, 2]",TRUE,toss,42,100,100,100,0.6,0.6,0.4,0.1,100,FALSE,5,30,100
b3160,1,TRUE,TRUE,FALSE,TRUE,SoxS,,['p1k_00874'],7,FALSE,basal,10,TRUE,0.3,FALSE,"[-1, 3]",0.2,0.2,TRUE,0.2,"[-4, 2]","[-4, 2]",TRUE,toss,42,100,100,100,0.6,0.6,0.4,0.1,100,FALSE,5,30,100
b3924,1,TRUE,TRUE,FALSE,TRUE,SoxS,,['p1k_00874'],7,FALSE,basal,10,TRUE,0.3,FALSE,"[-1, 3]",0.2,0.2,TRUE,0.2,"[-4, 2]","[-4, 2]",TRUE,toss,42,100,100,100,0.6,0.6,0.4,0.1,100,FALSE,5,30,100
b3881,-1,TRUE,FALSE,FALSE,TRUE,Sulfoquinovose,,['p1k_00368'],7,FALSE,basal,10,TRUE,0.05,FALSE,"[-1, 3]",0.2,0.2,TRUE,0.2,"[-4, 2]","[-4, 2]",TRUE,toss,42,100,100,100,0.6,0.6,0.4,0.1,100,FALSE,5,30,100
b3882,-1,TRUE,FALSE,FALSE,TRUE,Sulfoquinovose,,['p1k_00368'],7,FALSE,basal,10,TRUE,0.05,FALSE,"[-1, 3]",0.2,0.2,TRUE,0.2,"[-4, 2]","[-4, 2]",TRUE,toss,42,100,100,100,0.6,0.6,0.4,0.1,100,FALSE,5,30,100
b3883,-1,TRUE,FALSE,FALSE,TRUE,Sulfoquinovose,,['p1k_00368'],7,FALSE,basal,10,TRUE,0.05,FALSE,"[-1, 3]",0.2,0.2,TRUE,0.2,"[-4, 2]","[-4, 2]",TRUE,toss,42,100,100,100,0.6,0.6,0.4,0.1,100,FALSE,5,30,100
b4062,-1,TRUE,FALSE,FALSE,TRUE,SoxS,,['p1k_00874'],7,FALSE,basal,10,TRUE,0.05,FALSE,"[-1, 3]",0.2,0.2,TRUE,0.2,"[-4, 2]","[-4, 2]",TRUE,toss,42,100,100,100,0.6,0.6,0.4,0.1,100,FALSE,5,30,100
b0810,1,TRUE,TRUE,FALSE,TRUE,Glutamine,,['p1k_00848'],8,FALSE,basal,10,TRUE,0.05,FALSE,"[-1, 3]",0.2,0.2,TRUE,0.2,"[-4, 2]","[-4, 2]",TRUE,toss,42,100,100,100,0.6,0.6,0.4,0.1,100,FALSE,5,30,100
b1079,1,TRUE,TRUE,FALSE,TRUE,FlhDC-2,,['p1k_00906'],8,FALSE,basal,10,TRUE,0.05,FALSE,"[-1, 3]",0.2,0.2,TRUE,0.2,"[-4, 2]","[-4, 2]",TRUE,toss,42,100,100,100,0.6,0.6,0.4,0.1,100,FALSE,5,30,100
b1310,1,TRUE,TRUE,FALSE,TRUE,YcjW,,['p1k_00366'],7,FALSE,basal,10,TRUE,0.05,FALSE,"[-1, 3]",0.2,0.2,TRUE,0.2,"[-4, 2]","[-4, 2]",TRUE,toss,42,100,100,100,0.6,0.6,0.4,0.1,100,FALSE,5,30,100
b1318,1,TRUE,TRUE,FALSE,TRUE,YcjW,,['p1k_00366'],7,FALSE,basal,10,TRUE,0.05,FALSE,"[-1, 3]",0.2,0.2,TRUE,0.2,"[-4, 2]","[-4, 2]",TRUE,toss,42,100,100,100,0.6,0.6,0.4,0.1,100,FALSE,5,30,100
b2371,1,TRUE,TRUE,FALSE,TRUE,EvgA,,['p1k_00412'],7,FALSE,basal,10,TRUE,0.05,FALSE,"[-1, 3]",0.2,0.2,TRUE,0.2,"[-4, 2]","[-4, 2]",TRUE,toss,42,100,100,100,0.6,0.6,0.4,0.1,100,FALSE,5,30,100
b2788,1,TRUE,TRUE,FALSE,TRUE,Sugar Diacid,,['p1k_00368'],8,FALSE,basal,10,TRUE,0.05,FALSE,"[-1, 3]",0.2,0.2,TRUE,0.2,"[-4, 2]","[-4, 2]",TRUE,toss,42,100,100,100,0.6,0.6,0.4,0.1,100,FALSE,5,30,100
b3124,1,TRUE,TRUE,FALSE,TRUE,Sugar Diacid,,['p1k_00368'],8,FALSE,basal,10,TRUE,0.05,FALSE,"[-1, 3]",0.2,0.2,TRUE,0.2,"[-4, 2]","[-4, 2]",TRUE,toss,42,100,100,100,0.6,0.6,0.4,0.1,100,FALSE,5,30,100
b3846,1,TRUE,TRUE,FALSE,TRUE,Fatty Acid,,['p1k_00469'],8,FALSE,basal,10,TRUE,0.05,FALSE,"[-1, 3]",0.2,0.2,TRUE,0.2,"[-4, 2]","[-4, 2]",TRUE,toss,42,100,100,100,0.6,0.6,0.4,0.1,100,FALSE,5,30,100
b4024,1,TRUE,TRUE,FALSE,TRUE,Lysine/T2SS,,['p1k_00367'],8,FALSE,basal,10,TRUE,0.05,FALSE,"[-1, 3]",0.2,0.2,TRUE,0.2,"[-4, 2]","[-4, 2]",TRUE,toss,42,100,100,100,0.6,0.6,0.4,0.1,100,FALSE,5,30,100
b3884,1,TRUE,TRUE,FALSE,TRUE,Sulfoquinovose,,['p1k_00368'],7,FALSE,basal,10,TRUE,0.3,FALSE,"[-1, 3]",0.2,0.2,TRUE,0.2,"[-4, 2]","[-4, 2]",TRUE,toss,42,100,100,100,0.6,0.6,0.4,0.1,100,FALSE,5,30,100
b4032,1,TRUE,TRUE,FALSE,TRUE,Maltose,,['p1k_00368'],8,FALSE,basal,10,TRUE,0.05,FALSE,"[-1, 3]",0.2,0.2,TRUE,0.2,"[-4, 2]","[-4, 2]",TRUE,toss,42,100,100,100,0.6,0.6,0.4,0.1,100,FALSE,5,30,100
b4033,1,TRUE,TRUE,FALSE,TRUE,Maltose,,['p1k_00368'],8,FALSE,basal,10,TRUE,0.05,FALSE,"[-1, 3]",0.2,0.2,TRUE,0.2,"[-4, 2]","[-4, 2]",TRUE,toss,42,100,100,100,0.6,0.6,0.4,0.1,100,FALSE,5,30,100
b1311,1,TRUE,TRUE,FALSE,TRUE,YcjW,,['p1k_00366'],7,FALSE,basal,10,TRUE,0.3,FALSE,"[-1, 3]",0.2,0.2,TRUE,0.2,"[-4, 2]","[-4, 2]",TRUE,toss,42,100,100,100,0.6,0.6,0.4,0.1,100,FALSE,5,30,100
b1312,1,TRUE,TRUE,FALSE,TRUE,YcjW,,['p1k_00366'],7,FALSE,basal,10,TRUE,0.3,FALSE,"[-1, 3]",0.2,0.2,TRUE,0.2,"[-4, 2]","[-4, 2]",TRUE,toss,42,100,100,100,0.6,0.6,0.4,0.1,100,FALSE,5,30,100
b1313,1,TRUE,TRUE,FALSE,TRUE,YcjW,,['p1k_00366'],7,FALSE,basal,10,TRUE,0.3,FALSE,"[-1, 3]",0.2,0.2,TRUE,0.2,"[-4, 2]","[-4, 2]",TRUE,toss,42,100,100,100,0.6,0.6,0.4,0.1,100,FALSE,5,30,100
b1314,1,TRUE,TRUE,FALSE,TRUE,YcjW,,['p1k_00366'],7,FALSE,basal,10,TRUE,0.3,FALSE,"[-1, 3]",0.2,0.2,TRUE,0.2,"[-4, 2]","[-4, 2]",TRUE,toss,42,100,100,100,0.6,0.6,0.4,0.1,100,FALSE,5,30,100
b1315,1,TRUE,TRUE,FALSE,TRUE,YcjW,,['p1k_00366'],7,FALSE,basal,10,TRUE,0.3,FALSE,"[-1, 3]",0.2,0.2,TRUE,0.2,"[-4, 2]","[-4, 2]",TRUE,toss,42,100,100,100,0.6,0.6,0.4,0.1,100,FALSE,5,30,100
b1316,1,TRUE,TRUE,FALSE,TRUE,YcjW,,['p1k_00366'],7,FALSE,basal,10,TRUE,0.3,FALSE,"[-1, 3]",0.2,0.2,TRUE,0.2,"[-4, 2]","[-4, 2]",TRUE,toss,42,100,100,100,0.6,0.6,0.4,0.1,100,FALSE,5,30,100
b1317,1,TRUE,TRUE,FALSE,TRUE,YcjW,,['p1k_00366'],7,FALSE,basal,10,TRUE,0.3,FALSE,"[-1, 3]",0.2,0.2,TRUE,0.2,"[-4, 2]","[-4, 2]",TRUE,toss,42,100,100,100,0.6,0.6,0.4,0.1,100,FALSE,5,30,100
b4354,1,TRUE,TRUE,FALSE,TRUE,Pyruvate-1,,['starve_series__t07_starve'],8,FALSE,basal,10,TRUE,0.05,FALSE,"[-1, 3]",0.2,0.2,TRUE,0.2,"[-4, 2]","[-4, 2]",TRUE,toss,42,100,100,100,0.6,0.6,0.4,0.1,100,FALSE,5,30,100
b1319,1,TRUE,TRUE,FALSE,TRUE,YcjW,,['p1k_00366'],7,FALSE,basal,10,TRUE,0.3,FALSE,"[-1, 3]",0.2,0.2,TRUE,0.2,"[-4, 2]","[-4, 2]",TRUE,toss,42,100,100,100,0.6,0.6,0.4,0.1,100,FALSE,5,30,100
b0077,1,TRUE,TRUE,FALSE,TRUE,,Lrp,['p1k_00842'],7,FALSE,basal,10,TRUE,0.3,FALSE,"[-1, 3]",0.2,0.2,TRUE,0.2,"[-4, 2]","[-4, 2]",TRUE,toss,42,100,100,100,0.6,0.6,0.4,0.1,100,FALSE,5,30,100
b0078,1,TRUE,TRUE,FALSE,TRUE,,Lrp,['p1k_00842'],7,FALSE,basal,10,TRUE,0.3,FALSE,"[-1, 3]",0.2,0.2,TRUE,0.2,"[-4, 2]","[-4, 2]",TRUE,toss,42,100,100,100,0.6,0.6,0.4,0.1,100,FALSE,5,30,100
b0118,1,TRUE,TRUE,FALSE,TRUE,,ArcA,['p1k_00720'],7,FALSE,basal,10,TRUE,0.3,FALSE,"[-1, 3]",0.2,0.2,TRUE,0.2,"[-4, 2]","[-4, 2]",TRUE,toss,42,100,100,100,0.6,0.6,0.4,0.1,100,FALSE,5,30,100
b0273,1,TRUE,FALSE,FALSE,TRUE,,Arginine,['p1k_00576'],7,FALSE,basal,10,TRUE,0.3,FALSE,"[-1, 3]",0.2,0.2,TRUE,0.2,"[-4, 2]","[-4, 2]",TRUE,toss,42,100,100,100,0.6,0.6,0.4,0.1,100,FALSE,5,30,100
b0312,1,TRUE,TRUE,FALSE,TRUE,,ArcA,['p1k_00720'],7,FALSE,basal,10,TRUE,0.3,FALSE,"[-1, 3]",0.2,0.2,TRUE,0.2,"[-4, 2]","[-4, 2]",TRUE,toss,42,100,100,100,0.6,0.6,0.4,0.1,100,FALSE,5,30,100
b0338,1,TRUE,TRUE,FALSE,TRUE,,Nitrogen,['p1k_00862'],7,FALSE,basal,10,TRUE,0.3,FALSE,"[-1, 3]",0.2,0.2,TRUE,0.2,"[-4, 2]","[-4, 2]",TRUE,toss,42,100,100,100,0.6,0.6,0.4,0.1,100,FALSE,5,30,100
b0522,1,TRUE,TRUE,FALSE,TRUE,,Purine,['p1k_00128'],7,FALSE,basal,10,TRUE,0.3,FALSE,"[-1, 3]",0.2,0.2,TRUE,0.2,"[-4, 2]","[-4, 2]",TRUE,toss,42,100,100,100,0.6,0.6,0.4,0.1,100,FALSE,5,30,100
b0523,1,TRUE,TRUE,FALSE,TRUE,,Purine,['p1k_00128'],7,FALSE,basal,10,TRUE,0.3,FALSE,"[-1, 3]",0.2,0.2,TRUE,0.2,"[-4, 2]","[-4, 2]",TRUE,toss,42,100,100,100,0.6,0.6,0.4,0.1,100,FALSE,5,30,100
b0583,1,TRUE,TRUE,FALSE,TRUE,,Fur-1,['p1k_00825'],7,FALSE,basal,10,TRUE,0.3,FALSE,"[-1, 3]",0.2,0.2,TRUE,0.2,"[-4, 2]","[-4, 2]",TRUE,toss,42,100,100,100,0.6,0.6,0.4,0.1,100,FALSE,5,30,100
b0584,1,TRUE,TRUE,FALSE,TRUE,,Fur-1,['p1k_00825'],7,FALSE,basal,10,TRUE,0.3,FALSE,"[-1, 3]",0.2,0.2,TRUE,0.2,"[-4, 2]","[-4, 2]",TRUE,toss,42,100,100,100,0.6,0.6,0.4,0.1,100,FALSE,5,30,100
b0586,1,TRUE,TRUE,FALSE,TRUE,,Fur-1,['p1k_00825'],7,FALSE,basal,10,TRUE,0.3,FALSE,"[-1, 3]",0.2,0.2,TRUE,0.2,"[-4, 2]","[-4, 2]",TRUE,toss,42,100,100,100,0.6,0.6,0.4,0.1,100,FALSE,5,30,100
b0720,1,TRUE,TRUE,FALSE,TRUE,,ArcA,['p1k_00720'],7,FALSE,basal,10,TRUE,0.3,FALSE,"[-1, 3]",0.2,0.2,TRUE,0.2,"[-4, 2]","[-4, 2]",TRUE,toss,42,100,100,100,0.6,0.6,0.4,0.1,100,FALSE,5,30,100
b0860,1,TRUE,FALSE,FALSE,TRUE,,Arginine,['p1k_00576'],7,FALSE,basal,10,TRUE,0.3,FALSE,"[-1, 3]",0.2,0.2,TRUE,0.2,"[-4, 2]","[-4, 2]",TRUE,toss,42,100,100,100,0.6,0.6,0.4,0.1,100,FALSE,5,30,100
b0862,1,TRUE,FALSE,FALSE,TRUE,,Arginine,['p1k_00576'],7,FALSE,basal,10,TRUE,0.3,FALSE,"[-1, 3]",0.2,0.2,TRUE,0.2,"[-4, 2]","[-4, 2]",TRUE,toss,42,100,100,100,0.6,0.6,0.4,0.1,100,FALSE,5,30,100
b1014,1,TRUE,FALSE,FALSE,TRUE,,ArcA,['p1k_00720'],7,FALSE,basal,10,TRUE,0.3,FALSE,"[-1, 3]",0.2,0.2,TRUE,0.2,"[-4, 2]","[-4, 2]",TRUE,toss,42,100,100,100,0.6,0.6,0.4,0.1,100,FALSE,5,30,100
b1102,1,TRUE,TRUE,FALSE,TRUE,,Fur-1,['p1k_00825'],7,FALSE,basal,10,TRUE,0.3,FALSE,"[-1, 3]",0.2,0.2,TRUE,0.2,"[-4, 2]","[-4, 2]",TRUE,toss,42,100,100,100,0.6,0.6,0.4,0.1,100,FALSE,5,30,100
b1131,1,TRUE,TRUE,FALSE,TRUE,,Purine,['p1k_00128'],7,FALSE,basal,10,TRUE,0.3,FALSE,"[-1, 3]",0.2,0.2,TRUE,0.2,"[-4, 2]","[-4, 2]",TRUE,toss,42,100,100,100,0.6,0.6,0.4,0.1,100,FALSE,5,30,100
b1136,1,TRUE,FALSE,FALSE,TRUE,,ArcA,['p1k_00720'],7,FALSE,basal,10,TRUE,0.3,FALSE,"[-1, 3]",0.2,0.2,TRUE,0.2,"[-4, 2]","[-4, 2]",TRUE,toss,42,100,100,100,0.6,0.6,0.4,0.1,100,FALSE,5,30,100
b1287,1,TRUE,TRUE,FALSE,TRUE,,Cysteine-1,['starve_series__t22_growth2'],7,FALSE,basal,10,TRUE,0.3,FALSE,"[-1, 3]",0.2,0.2,TRUE,0.2,"[-4, 2]","[-4, 2]",TRUE,toss,42,100,100,100,0.6,0.6,0.4,0.1,100,FALSE,5,30,100
b1603,1,TRUE,TRUE,FALSE,TRUE,,Lrp,['p1k_00842'],7,FALSE,basal,10,TRUE,0.3,FALSE,"[-1, 3]",0.2,0.2,TRUE,0.2,"[-4, 2]","[-4, 2]",TRUE,toss,42,100,100,100,0.6,0.6,0.4,0.1,100,FALSE,5,30,100
b1607,1,TRUE,FALSE,FALSE,TRUE,,ArcA,['p1k_00720'],7,FALSE,basal,10,TRUE,0.3,FALSE,"[-1, 3]",0.2,0.2,TRUE,0.2,"[-4, 2]","[-4, 2]",TRUE,toss,42,100,100,100,0.6,0.6,0.4,0.1,100,FALSE,5,30,100
b1612,1,TRUE,TRUE,FALSE,TRUE,,ArcA,['p1k_00720'],7,FALSE,basal,10,TRUE,0.3,FALSE,"[-1, 3]",0.2,0.2,TRUE,0.2,"[-4, 2]","[-4, 2]",TRUE,toss,42,100,100,100,0.6,0.6,0.4,0.1,100,FALSE,5,30,100
b1729,1,TRUE,TRUE,FALSE,TRUE,,Cysteine-1,['starve_series__t22_growth2'],7,FALSE,basal,10,TRUE,0.3,FALSE,"[-1, 3]",0.2,0.2,TRUE,0.2,"[-4, 2]","[-4, 2]",TRUE,toss,42,100,100,100,0.6,0.6,0.4,0.1,100,FALSE,5,30,100
b1778,1,TRUE,TRUE,FALSE,TRUE,,ArcA,['p1k_00720'],7,FALSE,basal,10,TRUE,0.3,FALSE,"[-1, 3]",0.2,0.2,TRUE,0.2,"[-4, 2]","[-4, 2]",TRUE,toss,42,100,100,100,0.6,0.6,0.4,0.1,100,FALSE,5,30,100
b1981,1,TRUE,TRUE,FALSE,TRUE,,Nitrogen,['p1k_00862'],7,FALSE,basal,10,TRUE,0.3,FALSE,"[-1, 3]",0.2,0.2,TRUE,0.2,"[-4, 2]","[-4, 2]",TRUE,toss,42,100,100,100,0.6,0.6,0.4,0.1,100,FALSE,5,30,100
b2155,1,TRUE,TRUE,FALSE,TRUE,,Fur-1,['p1k_00825'],7,FALSE,basal,10,TRUE,0.3,FALSE,"[-1, 3]",0.2,0.2,TRUE,0.2,"[-4, 2]","[-4, 2]",TRUE,toss,42,100,100,100,0.6,0.6,0.4,0.1,100,FALSE,5,30,100
b2181,1,TRUE,FALSE,FALSE,TRUE,,ArcA,['p1k_00720'],7,FALSE,basal,10,TRUE,0.3,FALSE,"[-1, 3]",0.2,0.2,TRUE,0.2,"[-4, 2]","[-4, 2]",TRUE,toss,42,100,100,100,0.6,0.6,0.4,0.1,100,FALSE,5,30,100
b2288,1,TRUE,TRUE,FALSE,TRUE,,ArcA,['p1k_00720'],7,FALSE,basal,10,TRUE,0.3,FALSE,"[-1, 3]",0.2,0.2,TRUE,0.2,"[-4, 2]","[-4, 2]",TRUE,toss,42,100,100,100,0.6,0.6,0.4,0.1,100,FALSE,5,30,100
b2290,1,TRUE,TRUE,FALSE,TRUE,,Lrp,['p1k_00842'],7,FALSE,basal,10,TRUE,0.3,FALSE,"[-1, 3]",0.2,0.2,TRUE,0.2,"[-4, 2]","[-4, 2]",TRUE,toss,42,100,100,100,0.6,0.6,0.4,0.1,100,FALSE,5,30,100
b2306,1,TRUE,TRUE,FALSE,TRUE,,Arginine,['p1k_00576'],7,FALSE,basal,10,TRUE,0.3,FALSE,"[-1, 3]",0.2,0.2,TRUE,0.2,"[-4, 2]","[-4, 2]",TRUE,toss,42,100,100,100,0.6,0.6,0.4,0.1,100,FALSE,5,30,100
b2307,1,TRUE,TRUE,FALSE,TRUE,,Arginine,['p1k_00576'],7,FALSE,basal,10,TRUE,0.3,FALSE,"[-1, 3]",0.2,0.2,TRUE,0.2,"[-4, 2]","[-4, 2]",TRUE,toss,42,100,100,100,0.6,0.6,0.4,0.1,100,FALSE,5,30,100
b2308,1,TRUE,TRUE,FALSE,TRUE,,Arginine,['p1k_00576'],7,FALSE,basal,10,TRUE,0.3,FALSE,"[-1, 3]",0.2,0.2,TRUE,0.2,"[-4, 2]","[-4, 2]",TRUE,toss,42,100,100,100,0.6,0.6,0.4,0.1,100,FALSE,5,30,100
b2312,1,TRUE,TRUE,FALSE,TRUE,,Purine,['p1k_00128'],7,FALSE,basal,10,TRUE,0.3,FALSE,"[-1, 3]",0.2,0.2,TRUE,0.2,"[-4, 2]","[-4, 2]",TRUE,toss,42,100,100,100,0.6,0.6,0.4,0.1,100,FALSE,5,30,100
b2313,1,TRUE,FALSE,FALSE,TRUE,,Purine,['p1k_00128'],7,FALSE,basal,10,TRUE,0.3,FALSE,"[-1, 3]",0.2,0.2,TRUE,0.2,"[-4, 2]","[-4, 2]",TRUE,toss,42,100,100,100,0.6,0.6,0.4,0.1,100,FALSE,5,30,100
b2414,1,TRUE,TRUE,FALSE,TRUE,,Cysteine-1,['starve_series__t22_growth2'],7,FALSE,basal,10,TRUE,0.3,FALSE,"[-1, 3]",0.2,0.2,TRUE,0.2,"[-4, 2]","[-4, 2]",TRUE,toss,42,100,100,100,0.6,0.6,0.4,0.1,100,FALSE,5,30,100
b2423,1,TRUE,TRUE,FALSE,TRUE,,Cysteine-1,['starve_series__t22_growth2'],7,FALSE,basal,10,TRUE,0.3,FALSE,"[-1, 3]",0.2,0.2,TRUE,0.2,"[-4, 2]","[-4, 2]",TRUE,toss,42,100,100,100,0.6,0.6,0.4,0.1,100,FALSE,5,30,100
b2476,1,TRUE,FALSE,FALSE,TRUE,,Purine,['p1k_00128'],7,FALSE,basal,10,TRUE,0.3,FALSE,"[-1, 3]",0.2,0.2,TRUE,0.2,"[-4, 2]","[-4, 2]",TRUE,toss,42,100,100,100,0.6,0.6,0.4,0.1,100,FALSE,5,30,100
b2499,1,TRUE,TRUE,FALSE,TRUE,,Purine,['p1k_00128'],7,FALSE,basal,10,TRUE,0.3,FALSE,"[-1, 3]",0.2,0.2,TRUE,0.2,"[-4, 2]","[-4, 2]",TRUE,toss,42,100,100,100,0.6,0.6,0.4,0.1,100,FALSE,5,30,100
b2500,1,TRUE,TRUE,FALSE,TRUE,,Purine,['p1k_00128'],7,FALSE,basal,10,TRUE,0.3,FALSE,"[-1, 3]",0.2,0.2,TRUE,0.2,"[-4, 2]","[-4, 2]",TRUE,toss,42,100,100,100,0.6,0.6,0.4,0.1,100,FALSE,5,30,100
b2551,1,TRUE,TRUE,FALSE,TRUE,,Purine,['p1k_00128'],7,FALSE,basal,10,TRUE,0.3,FALSE,"[-1, 3]",0.2,0.2,TRUE,0.2,"[-4, 2]","[-4, 2]",TRUE,toss,42,100,100,100,0.6,0.6,0.4,0.1,100,FALSE,5,30,100
b2557,1,TRUE,TRUE,FALSE,TRUE,,Purine,['p1k_00128'],7,FALSE,basal,10,TRUE,0.3,FALSE,"[-1, 3]",0.2,0.2,TRUE,0.2,"[-4, 2]","[-4, 2]",TRUE,toss,42,100,100,100,0.6,0.6,0.4,0.1,100,FALSE,5,30,100
b2587,1,TRUE,TRUE,FALSE,TRUE,,ArcA,['p1k_00720'],7,FALSE,basal,10,TRUE,0.3,FALSE,"[-1, 3]",0.2,0.2,TRUE,0.2,"[-4, 2]","[-4, 2]",TRUE,toss,42,100,100,100,0.6,0.6,0.4,0.1,100,FALSE,5,30,100
b2751,1,TRUE,TRUE,FALSE,TRUE,,Cysteine-1,['starve_series__t22_growth2'],7,FALSE,basal,10,TRUE,0.3,FALSE,"[-1, 3]",0.2,0.2,TRUE,0.2,"[-4, 2]","[-4, 2]",TRUE,toss,42,100,100,100,0.6,0.6,0.4,0.1,100,FALSE,5,30,100
b2752,1,TRUE,TRUE,FALSE,TRUE,,Cysteine-1,['starve_series__t22_growth2'],7,FALSE,basal,10,TRUE,0.3,FALSE,"[-1, 3]",0.2,0.2,TRUE,0.2,"[-4, 2]","[-4, 2]",TRUE,toss,42,100,100,100,0.6,0.6,0.4,0.1,100,FALSE,5,30,100
b2764,1,TRUE,TRUE,FALSE,TRUE,,Cysteine-1,['starve_series__t22_growth2'],7,FALSE,basal,10,TRUE,0.3,FALSE,"[-1, 3]",0.2,0.2,TRUE,0.2,"[-4, 2]","[-4, 2]",TRUE,toss,42,100,100,100,0.6,0.6,0.4,0.1,100,FALSE,5,30,100
b2818,1,TRUE,TRUE,FALSE,TRUE,,Arginine,['p1k_00576'],7,FALSE,basal,10,TRUE,0.3,FALSE,"[-1, 3]",0.2,0.2,TRUE,0.2,"[-4, 2]","[-4, 2]",TRUE,toss,42,100,100,100,0.6,0.6,0.4,0.1,100,FALSE,5,30,100
b3172,1,TRUE,TRUE,FALSE,TRUE,,Arginine,['p1k_00576'],7,FALSE,basal,10,TRUE,0.3,FALSE,"[-1, 3]",0.2,0.2,TRUE,0.2,"[-4, 2]","[-4, 2]",TRUE,toss,42,100,100,100,0.6,0.6,0.4,0.1,100,FALSE,5,30,100
b3212,1,TRUE,TRUE,FALSE,TRUE,,Nitrogen,['p1k_00862'],7,FALSE,basal,10,TRUE,0.3,FALSE,"[-1, 3]",0.2,0.2,TRUE,0.2,"[-4, 2]","[-4, 2]",TRUE,toss,42,100,100,100,0.6,0.6,0.4,0.1,100,FALSE,5,30,100
b3213,1,TRUE,TRUE,FALSE,TRUE,,Nitrogen,['p1k_00862'],7,FALSE,basal,10,TRUE,0.3,FALSE,"[-1, 3]",0.2,0.2,TRUE,0.2,"[-4, 2]","[-4, 2]",TRUE,toss,42,100,100,100,0.6,0.6,0.4,0.1,100,FALSE,5,30,100
b3359,1,TRUE,TRUE,FALSE,TRUE,,Arginine,['p1k_00576'],7,FALSE,basal,10,TRUE,0.3,FALSE,"[-1, 3]",0.2,0.2,TRUE,0.2,"[-4, 2]","[-4, 2]",TRUE,toss,42,100,100,100,0.6,0.6,0.4,0.1,100,FALSE,5,30,100
b3397,1,TRUE,TRUE,FALSE,TRUE,,ArcA,['p1k_00720'],7,FALSE,basal,10,TRUE,0.3,FALSE,"[-1, 3]",0.2,0.2,TRUE,0.2,"[-4, 2]","[-4, 2]",TRUE,toss,42,100,100,100,0.6,0.6,0.4,0.1,100,FALSE,5,30,100
b3457,1,TRUE,TRUE,FALSE,TRUE,,Lrp,['p1k_00842'],7,FALSE,basal,10,TRUE,0.3,FALSE,"[-1, 3]",0.2,0.2,TRUE,0.2,"[-4, 2]","[-4, 2]",TRUE,toss,42,100,100,100,0.6,0.6,0.4,0.1,100,FALSE,5,30,100
b3458,1,TRUE,TRUE,FALSE,TRUE,,Lrp,['p1k_00842'],7,FALSE,basal,10,TRUE,0.3,FALSE,"[-1, 3]",0.2,0.2,TRUE,0.2,"[-4, 2]","[-4, 2]",TRUE,toss,42,100,100,100,0.6,0.6,0.4,0.1,100,FALSE,5,30,100
b3528,1,TRUE,FALSE,FALSE,TRUE,,ArcA,['p1k_00720'],7,FALSE,basal,10,TRUE,0.3,FALSE,"[-1, 3]",0.2,0.2,TRUE,0.2,"[-4, 2]","[-4, 2]",TRUE,toss,42,100,100,100,0.6,0.6,0.4,0.1,100,FALSE,5,30,100
b3603,1,TRUE,FALSE,FALSE,TRUE,,ArcA,['p1k_00720'],7,FALSE,basal,10,TRUE,0.3,FALSE,"[-1, 3]",0.2,0.2,TRUE,0.2,"[-4, 2]","[-4, 2]",TRUE,toss,42,100,100,100,0.6,0.6,0.4,0.1,100,FALSE,5,30,100
b3604,1,TRUE,FALSE,FALSE,TRUE,,ArcA,['p1k_00720'],7,FALSE,basal,10,TRUE,0.3,FALSE,"[-1, 3]",0.2,0.2,TRUE,0.2,"[-4, 2]","[-4, 2]",TRUE,toss,42,100,100,100,0.6,0.6,0.4,0.1,100,FALSE,5,30,100
b3605,1,TRUE,TRUE,FALSE,TRUE,,ArcA,['p1k_00720'],7,FALSE,basal,10,TRUE,0.3,FALSE,"[-1, 3]",0.2,0.2,TRUE,0.2,"[-4, 2]","[-4, 2]",TRUE,toss,42,100,100,100,0.6,0.6,0.4,0.1,100,FALSE,5,30,100
b3820,1,TRUE,FALSE,FALSE,TRUE,,ArcA,['p1k_00720'],7,FALSE,basal,10,TRUE,0.3,FALSE,"[-1, 3]",0.2,0.2,TRUE,0.2,"[-4, 2]","[-4, 2]",TRUE,toss,42,100,100,100,0.6,0.6,0.4,0.1,100,FALSE,5,30,100
b3957,1,TRUE,TRUE,FALSE,TRUE,,Arginine,['p1k_00576'],7,FALSE,basal,10,TRUE,0.3,FALSE,"[-1, 3]",0.2,0.2,TRUE,0.2,"[-4, 2]","[-4, 2]",TRUE,toss,42,100,100,100,0.6,0.6,0.4,0.1,100,FALSE,5,30,100
b3958,1,TRUE,TRUE,FALSE,TRUE,,Arginine,['p1k_00576'],7,FALSE,basal,10,TRUE,0.3,FALSE,"[-1, 3]",0.2,0.2,TRUE,0.2,"[-4, 2]","[-4, 2]",TRUE,toss,42,100,100,100,0.6,0.6,0.4,0.1,100,FALSE,5,30,100
b3959,1,TRUE,TRUE,FALSE,TRUE,,Arginine,['p1k_00576'],7,FALSE,basal,10,TRUE,0.3,FALSE,"[-1, 3]",0.2,0.2,TRUE,0.2,"[-4, 2]","[-4, 2]",TRUE,toss,42,100,100,100,0.6,0.6,0.4,0.1,100,FALSE,5,30,100
b3960,1,TRUE,TRUE,FALSE,TRUE,,Arginine,['p1k_00576'],7,FALSE,basal,10,TRUE,0.3,FALSE,"[-1, 3]",0.2,0.2,TRUE,0.2,"[-4, 2]","[-4, 2]",TRUE,toss,42,100,100,100,0.6,0.6,0.4,0.1,100,FALSE,5,30,100
b3995,1,TRUE,FALSE,FALSE,TRUE,,ArcA,['p1k_00720'],7,FALSE,basal,10,TRUE,0.3,FALSE,"[-1, 3]",0.2,0.2,TRUE,0.2,"[-4, 2]","[-4, 2]",TRUE,toss,42,100,100,100,0.6,0.6,0.4,0.1,100,FALSE,5,30,100
b4005,1,TRUE,TRUE,FALSE,TRUE,,Purine,['p1k_00128'],7,FALSE,basal,10,TRUE,0.3,FALSE,"[-1, 3]",0.2,0.2,TRUE,0.2,"[-4, 2]","[-4, 2]",TRUE,toss,42,100,100,100,0.6,0.6,0.4,0.1,100,FALSE,5,30,100
b4006,1,TRUE,TRUE,FALSE,TRUE,,Purine,['p1k_00128'],7,FALSE,basal,10,TRUE,0.3,FALSE,"[-1, 3]",0.2,0.2,TRUE,0.2,"[-4, 2]","[-4, 2]",TRUE,toss,42,100,100,100,0.6,0.6,0.4,0.1,100,FALSE,5,30,100
b4254,1,TRUE,FALSE,FALSE,TRUE,,Arginine,['p1k_00576'],7,FALSE,basal,10,TRUE,0.3,FALSE,"[-1, 3]",0.2,0.2,TRUE,0.2,"[-4, 2]","[-4, 2]",TRUE,toss,42,100,100,100,0.6,0.6,0.4,0.1,100,FALSE,5,30,100
b4340,1,TRUE,FALSE,FALSE,TRUE,,ArcA,['p1k_00720'],7,FALSE,basal,10,TRUE,0.3,FALSE,"[-1, 3]",0.2,0.2,TRUE,0.2,"[-4, 2]","[-4, 2]",TRUE,toss,42,100,100,100,0.6,0.6,0.4,0.1,100,FALSE,5,30,100
